year,aluminium,anim_veg_oils_fats_processed,articles_of_artificial_plastic_mate,articles_of_paper_pulp_paperboard,cereal_preps_preps_of_flour_of_fr,chemical_materials_and_products_n,clothing_except_fur_clothing,coffee,cotton,cotton_fabrics_woven_ex_narrow_or,crude_animal_materials_n_e_s,crude_rubber_incl_synthetic_recl,crude_vegetable_materials_n_e_s,cutlery,developed_cinematographic_film,domestic_electrical_equipment,dyeing_tanning_extracts_synth_t,electric_power_machinery_and_switch,essential_oils_perfume_and_flavour,feed_stuff_for_animals_excl_unmil,fish_fresh_simply_preserved,fish_in_airtight_containers_n_e_s,floor_coverings_tapestries_etc,food_preparations_n_e_s,footwear,fruit_fresh_and_nuts_excl_oil_n,fruit_preserved_and_fruit_preparat,furniture,glass,glassware,household_equipment_of_base_metals,ingots_other_primary_forms_of_iro,inorg_chemicals_elems_oxides_ha,iron_and_steel_bars_rods_angles,iron_and_steel_scrap,iron_ore_concentrates,iron_steel_castings_forgings_unwork,jewellery_and_gold_silver_smiths_wa,leather,lime_cement_fabr_bldg_mat_ex_g,live_animals,machinery_and_appliances_non_electr,machines_for_special_industries,made_up_articles_wholly_or_chiefly,manuf_of_leather_or_of_artif_or_r,manufactured_articles_n_e_s,manufactures_of_metal_n_e_s,meat_fresh_chilled_or_frozen,medicinal_pharmaceutical_products,metal_containers_for_storage_and_tr,metalworking_machinery,mineral_manufactures_n_e_s,musical_instruments_sound_recorder,nails_screws_nuts_bolts_rivets,natural_abrasives_incl_industrial,oil_seeds_oil_nuts_and_oil_kernels,ores_concentrates_of_non_ferrous,organic_chemicals,other_crude_minerals,other_electrical_machinery_and_appa,other_fixed_vegetable_oils,other_inorganic_chemicals,pearls_and_precious_and_semi_precio,perambulators_toys_games_and_spor,perfumery_cosmetics_dentifrices,pig_iron_spiegeleisen_sponge_iron,pigments_paints_varnishes_relat,plastic_materials_regenerd_cellul,power_generating_machinery_other_t,printed_matter,road_motor_vehicles,road_vehicles_other_than_motor_vehi,sanitary_plumbing_heating_light,scientific_medical_optical_meas,silk,soaps_cleansing_polishing_prepar,special_textile_fabrics_and_related,special_transactions_not_classd_acc,spices,stone_sand_and_gravel,synth_organic_dyestuffs_natural_i,synthetic_and_regenerated_artificia,tea_and_mate,telecommunications_apparatus,text_fabrics_woven_ex_narrow_spec,textile_and_leather_machinery,textile_yarn_and_thread,tobacco_manufactures,tobacco_unmanufactured,tools_for_use_in_the_hand_or_in_mac,travel_goods_handbags_and_similar,tubes_pipes_and_fittings_of_iron_o,tulle_lace_embroidery_ribbons_t,vegetable_fibres_except_cotton_and,vegetables_roots_tubers_pres_or,vegetables_roots_tubers_fresh_o,veneers_plywood_boards_other_woo,wood_in_the_rough_or_roughly_square,wood_manufactures_n_e_s,wood_shaped_or_simply_worked,wool_and_other_animal_hair,works_of_art_collectors_pieces_and,ipi_japan,ipi_india,ind_jap_bila_exch,volatility
1972-09-20,3.598,-259.137043859649,1.798,-82.7880723076923,1.42,35.747,561.471,NA,14037.737,2180.126,1892.826,NA,1935.674,NA,6.948,NA,3.362,NA,244.602,11002.394,36035.528,3.371,298.656,1.349,28.843,3117.602,3.828,4.917,NA,NA,5.557,NA,NA,NA,1225.754,124868.384,NA,33.751,9204.411,18.556,NA,9.809,NA,230.881,20.92,17.663,11.833,52.257,299.122,NA,20.444,367.558,8.98,NA,1.507,834.174,13337.059,454.244,3014.868,NA,1783.366,173.79,8742.078,16.466,22.87,5675.414,29.617,NA,NA,9.235,13.116,NA,NA,20.939,364.554,NA,2.424,114.45,830.853,915.936,521.637,NA,1349.181,NA,6504.505,3.785,855.178,NA,5815.609,50.965,1820.658,NA,21.356,5.515,26.122,1.34,3.307,6258.392,4.11,1.657,95.429,1684.878,69.71885087,19.66623501,0.0375,0.1379
1973-09-20,19.432,-208.388631578947,3.5,52.112,1.202,346.32,835.343,119.477,22147.84,22300.814,3141.208,68.934,3596.22,1.913,8.881,NA,2.6605,0.608,336.261,35974.272,60476.56,119.955,336.403,3.536,19.39,6250.249,6.65,5.974,NA,25.885,26.091,NA,183.261,NA,3445.086,125296.984,NA,66.515,16597.048,33.003,8.094,24.609,18.783,3106.967,23.989,28.377,14.794,225.407,371.036,NA,164.389,914.467,17.824,NA,2.823,77.917,17079.296,427.191,3205.714,23.873,1029.462,409.506,11602.294,9.743,26.163,11648.821,33.067,199.37,68.08,11.261,13.679,19.643,260.798,1.187,2277.639,NA,154.649,181.561,1600.996,1490.03,277.21,NA,1926.792,1.152,12218.738,42.657,2822.242,NA,5852.437,203.886,893.832,23.955,228.695,6.6655,26.299,12.207,156.51,13091.601,12.856,5.2305,180.996,3009.893,70.41411192,21.44270153,0.0391,0.4439
1974-09-20,411.147,-157.640219298245,53.76,264.602,0.984,577.435,1522.525,79.907,29957.324,2442.299,4150.271,42.849,3929.44,1.4395,11.264,7.491,1.959,11.232,595.338,22020.32,52998.66,2.2,365.815,7.285,31.891,3963.805,2.627,11.418,NA,27.912,34.589,NA,496.418,14.122,7262.14,132690.264,NA,55.345,7958.415,87.036,33.165,185.735,16.372,11161.146,164.284,16.375,207.359,119.5615,835.152,2.605,29.001,1036.783,16.351,2.115,24.19166666666667,2435.398,29183.732,1598.854,2384.485,2.192,2300.202,668.72,13617.311,27.885,44.938,4632.937,76.369,141.599,197.003,24.353,122.199,5.675,209.2214,17.865,63.095,NA,1271.327,131.661,2096.862,3415.227,1071.754,NA,1596.249,3.854,14229.595,221.694,2735.421,NA,7942.022,428.342,545.848,94.203,79.312,7.816,44.37,13.068,7.042,4760.215,44.886,8.804,313.904,2672.648,70.63439265,21.87593696,0.0412,0.2116
1975-09-20,164.908,-106.891807017544,24.072,176.897,0.981,183.102,895.072,710.198,17706.672,1028.508,5081.3,1263.668,2849.68,0.966,8.736,5.774999999999999,3.458,104.49,17.03,5281.216,95549.744,26.47,363.847,5.813,27.871,8584.429,15.194,2.153,16.355,10.958,1.285,NA,4.996,35.425,5640.999,179669.392,9.516,96.54,13394.25,56.066,10.973,62.365,13.961,742.013,200.128,2.914,13.069,13.716,444.718,3.602666666666666,12.228,883.642,5.977,4.015333333333333,45.56033333333334,7249.606,37176.176,2562.668,1608.576,102.406,2222.469,542.404,16547.461,40.24,38.254,6729.501,50.95,94.57733333333331,235.674,43.766,22.605,0.549,157.6448,11.762,227.56,4.067,859.115,84.725,1221.476,1422.935,439.843,NA,1158.868,1.917,6923.134,17.917,184.203,NA,11559.655,120.779,522.634,74.737,57.808,1.55,57.204,0.6,7.521,5638.372,18.608,6.8815,78.518,1761.235,72.91980522,22.99907938,0.0435,0.1993
1976-09-20,10542.836,3.297,14.245,89.19200000000001,0.733,59.047,3143.909,1030.825,19663.762,2618.132,7562.509,2484.487,2436.028,0.864,6.411,4.058999999999999,24.599,90.025,46.15,19279.76,127866.56,29.757,332.23,15.236,30.654,13534.86,11.709,1.451,4.042,32.929,0.506,760.573,225.396,56.728,9902.743,190510.672,3.726,120.816,20662.96,74.87,7.77,65.753,11.55,704.773,157.062,27.662,20.293,40.5915,284.716,4.600333333333333,91.732,1560.915,7.837,5.915666666666667,66.929,6966.119,41116.392,2893.812,2718.827,20.913,3358.201,1032.801,25894.34,31.99,41.871,21196.966,25.531,47.55566666666665,195.718,56.097,41.782,2.839,106.0682,14.398,522.226,26.964,446.903,10.565,2449.416,2814.937,871.666,NA,1226.382,1.879,10784.306,52.492,135.359,NA,9778.312,207.599,609.826,17.132,11.255,35.221,53.441,25.039,42.273,7387.723,1.534,4.959,199.612,1567.109,79.70032142,25.13582922,0.0486,0.5898
1977-09-20,10.874,145.244,10.01766666666667,1.487,1.006,73.062,5929.991,4087.14,4588.803,2419.474,11266.77,5951.986,2809.209,0.762,7.308,2.343,45.016,1.996,417.66,12346.637,119448.752,247.113,321.786,60.782,66.796,12866.769,7.403,4.329,2.806,28.009,1.598,511.6233333333333,204.292,48.34650000000001,3634.74,212626.112,12.78,48.467,11525.149,175.737,5.396,242.625,9.139,2041.13,349.5,1.999,96.139,67.467,1328.997,5.598,126.656,1374.258,7.279,7.816,85.752,244.326,33071.528,1318.297,3133.277,13.072,3452.193,1113.704,41136.464,43.314,79.179,30520.828,45.789,0.534,112.161,65.692,8.716,5.129,54.49160000000001,1.462,474.488,284.494,4534.483,37.836,5249.39,6082.122,4006.46,NA,2490.012,3.574666666666666,11601.493,67.331,1443.918,0.692,12969.224,231.235,644.885,9.04,4.579,33.696,75.151,49.478,39.358,6477.304,3.202,294.292,91.381,1457.96,82.61215732,27.41317622,0.0562,0.3263
1978-09-20,218.86,43.511,5.790333333333333,1.453,20.454,411.313,12069.539,3209.221,5535.979,4725.762,7861.51,2685.993,3492.184,0.66,5.235,2.155,64.895,7.409,158.063,1834.782,167182.032,16.61,494.229,96.845,132.5596666666667,14182.849,28.841,76.658,6.377,38.731,25.813,262.6736666666667,1403.252,39.965,2281.938,190719.072,12.566,22.237,16693.042,156.747,3.022,54.047,6.727999999999998,1030.214,666.531,19.906,48.49,58.063,2318.899,655.589,3.915,1724.103,10.808,9.334333333333333,88.67,112.938,15644.904,1756.253,3187.41,33.29,3635.32,1176.981,64287.384,35.309,51.844,11606.539,1.013,3.299666666666666,52.497,115.279,28.901,2.187,2.915,5.767,1733.779,4.696,787.951,50.051,4305.091,8379.074,379.776,NA,2767.474,5.270333333333333,12531.686,197.414,341.647,102.988,11702.652,297.932,1108.667,24.203,28.319,2.54,1062.204,5.05,114.01,9081.145,318.542,187.8,101.232,2325.989,82.47448186,29.24747868,0.0581,0.2939
1979-09-20,726.5530000000001,130.152,1.563,12.1425,24.505,155.202,24316.164,11092.75,27064.394,7043.851,12325.767,2195.9066,4361.675,1.1504,13.389,4.742,49.058,92.347,317.178,2704.11,224607.184,4.87,919.435,125.708,198.3233333333333,15561.963,38.221,160.984,2.925,27.0615,23.944,13.724,363.164,440.8875,521.526,231523.232,7.486,36.201,28588.11,537.094,3.771,69.69,4.316999999999998,1394.782,2119.545,50.626,38.006,467.249,2894.572,515.001,21.06,1800.049,39.624,10.85266666666667,62.6915,1210.228,32853.714,4060.201,2235.137,114.597,12791.326,2169.262,7194.477,124.604,58.19500000000001,13127.559,19.439,6.065333333333332,22.309,34.893,18.289,45.572,3.111285714285714,77.837,1340.288,264.66,931.264,70.067,5830.898,12795.039,704.461,NA,2180.82,6.966,15633.174,54.644,580.469,1803.999,7366.275,346.533,1128.565,28.94,214.259,2.78,518.346,108.511,1789.6,3797.351,687.84,44.026,121.1535,3105.976,85.31748002,32.52698915,0.0603,0.123
1980-09-20,1234.246,77.922,1.694333333333333,22.832,28.556,366.182,13088.79,19549.828,25804.484,5754.364,14348.156,1705.8202000000001,6131.965,1.6408,14.458,7.384499999999999,27.003,135.701,415.529,1647.805,172625.92,15.487,907.763,83.351,264.087,10846.115,11.319,212.365,5.863,15.392,33.668,43.0215,257.529,841.8100000000001,287.446,262070.416,5.307,33.423,11246.642,312.055,4.52,26.451,1.906,1302.55,787.69,77.611,17.368,42.061,2083.811,6.598,5.338,2007.294,65.027,12.371,36.713,88.424,29404.194,755.474,3695.559,77.356,8333.615,3092.184,65532.184,181.52,64.546,490.23,61.5675,8.831,58.937,86.319,26.152,2.172,3.307571428571428,11.907,310.686,24.43,769.832,197.485,4275.321,17211.004,812.694,NA,2906.484,10.029,11444.519,258.914,602.603,2016.733,6972.696,286.953,436.818,52.455,134.598,14.5935,472.864,37.853,827.008,8860.06,1562.618,148.578,141.075,2923.595,93.22005119,34.91387114,0.0652,0.8006
1981-09-20,1741.939,100.745,1.825666666666667,2.056,18.569,397.211,16557.632,11186.827,12343.777,5043.352,12658.343,1215.7338,5812.177,2.1312,12.9265,10.027,48.388,30.255,409.121,1061.827,206337.744,40.794,1121.145,165.001,329.8506666666667,6071.645,11.341,45.316,48.565,1.849,1.799,72.319,173.703,1242.7325,814.716,204364.624,3.128,87.075,12388.161,43.783,5.269,57.359,0.809,1248.095,587.207,164.582,31.222,103.655,2137.733,10.067,30.385,2926.029,1063.01,115.881,163.992,86.583,13976.588,1133.727,4257.342,122.144,8395.411,600.589,80308.712,183.218,172.659,2838.6505,103.696,22.696,69.682,35.157,20.305,1.271,3.503857142857143,76.396,119.5,12.93,1272.547,149.807,2990.552,15291.854,391.801,NA,3070.115,9.910499999999999,12809.866,89.324,500.833,1169.36,9633.394,635.597,708.293,75.97,187.995,26.407,547.901,62.313,1004.94,496.338,1409.134,139.743,61.06,2666.685,98.61473008,36.82991614,0.0728,0.6005
1982-09-20,10.754,90.707,1.957,7.828,0.593,436.429,13915.41,22215.376,8339.965,10076.492,13231.217,725.6474000000001,5594.35,2.6216,11.395,22.905,34.288,37.662,377.976,422.513,247622.736,987.804,1882.475,230.724,395.6143333333333,8757.211,14.325,83.024,147.833,13.658,109.299,83.10866666666666,48.237,1643.655,678.332,219112.592,0.949,1118.868,9822.132,4.427,6.018000000000001,76.063,1.86,1774.798,283.146,100.801,13.85,125.329,2854.573,26.139,72.975,3229.039,86.743,114.052,217.795,67.204,10574.686,1321.475,3169.34,87.346,7059.215,1966.229,67316.736,117.439,70.49,5187.071,35.824,153.329,12.785,27.398,43.212,75.427,3.700142857142857,117.201,1695.9,1.43,1097.661,137.327,2488.791,14558.86,269,NA,2796.755,9.792,15468.578,102.635,1460.566,1276.478,6156.641,617.233,654.127,131.825,177.182,129.1545,434.584,35.475,3134.747,277.515,892.033,68.043,112.443,2558.146,102.7727826,40.89415494,0.1279,0.454
1983-09-20,14.3266,1379.205,9.18,13.6,4.596,89.627,13294.166,16401.3,15516.518,11996.767,13356.078,235.561,6552.801,3.112,26.324,13.035,56.749,6.857,415.703,1085.008,223132.432,996.668,1553.451,243.343,461.378,10441.129,32.602,141.048,87.539,1.451,6.824,93.89833333333334,592.035,135.682,566.502,250062.368,128.856,301.898,9530.701,4.34975,6.767,96.553,84.47,1532.22,301.782,109.73,99.025,147.522,2297.528,41.223,39.404,2692.522,751.978,2138.353,63.897,5538.397,7197.798,1665.709,3115.635,190.805,7632.757,1695.907,133734.88,88.276,31.74,2596.0685,19.941,14.686,17.238,67.139,56.313,4.196,3.896428571428571,94.5,1714.131,1.932,481.483,94.679,3606.773,17038.88,254.284,49.653,3895.644,5.922,10189.488,3.353,1251.527,51.097,2869.141,337.153,234.638,161.309,38.688,231.902,599.989,31.905,1635.08,275.327,736.785,18.93,114.952,2449.607,104.7065675,41.55463461,0.1512,3.0757
1984-09-20,17.8992,228.747,12.584,9.3645,4.81,218.831,26042.136,31555.588,10916.999,25953.76,14403.105,178.63725,8448.471,14.76666666666667,5.14,0.802,10.481,18.603,444.912,292.486,212662.096,1121.912,4274.158,308.132,645.978,11477.111,69.573,429.993,91.286,4.15,4.454,104.688,200.058,7.388,488.233,254166.528,113.202,76.09,10918.942,4.2725,5.1765,232.652,17.847,3215.191,186.687,88.817,36.019,409.041,2938.293,48.718,24.425,2743.167,970.811,68.361,243.583,605.294,29494.15,685.445,4505.195,95.629,5127.494,1360.946,132798.864,115.47,39.055,5.066,72.655,51.706,31.226,105.022,41.765,0.874,4.092714285714285,149.179,737.483,2.4555,722.612,107.919,5060.459,23760.296,158.215,6.867,4606.861,9.078,12298.666,182.947,937.737,313.917,1237.357,288.367,236.073,1.156,86.643,101.816,970.402,62.804,557.17,189.297,797.732,19.64,166.128,3258.971,98.68112613,42.74807561,0.1783,0.7906
1985-09-20,21.471800000000002,244.768,124.177,5.129,24.673,244.609,25229.316,29687,17862.872,8041.711,12373.374,121.7135,6216.994,26.42133333333333,13.794,0.7522500000000001,26.253,28.596,659.958,57.958,238798.16,843.278,2179.793,583.657,545.061,12134.537,106.199,214.787,88.002,4.96,39.255,84.325,437.43,57.385,531.131,332799.584,31.699,65.442,13100.874,4.19525,3.586,246.804,0.717,2053.382,381.679,105.364,31.121,89.297,4780.419,107.9583333333333,38.114,2132.383,1029.69,103.099,76.037,322.371,27925.528,356.788,4769.116,297.87,7805.395,1953.246,149699.2,92.505,68.237,375.903,18.334,58.695,13.761,29.226,36.651,28.961,4.289,16.246,158.319,2.979,535.36,220.514,5297.848,24622.026,272.778,68.404,4281.596,15.293,4594.408,133.777,925.89,317.185,697.489,177.651,153.488,22.863,15.26,6.27,279.52,82.118,1038.542,4.368,906.223,19.265,275.227,2267.906,95.24513065,43.56550095,0.2011,0.466
1986-09-20,25.0444,235.215,14.968,7.9,4.46,850.485,25250.548,5810.285,33733.076,6110.797,14863.512,64.78975,6767.933,38.076,1.963,0.7025,64.807,31.909,739.588,498.552,275448.704,1353.66,1826.776,905.235,511.296,18577.712,39.379,112.758,84.718,9.441,37.366,63.195,359.811,107.382,447.7506,295438.08,0.768,362.711,10252.565,4.118,3.686333333333333,190.023,33.403,3849.323,440.4,67.579,85.237,82.82,4863.813,167.1986666666667,28.977,2786.858,1671.043,231.398,119.834,254.563,19702.52,2539.937,4826.199,434.664,7693.911,1974.781,229386.56,176.61,55.184,15567.7895,74.437,6.346,14.188,30.067,195.348,62.527,13.41933333333333,224.244,52.167,22.506,520.775,365.525,5065.838,30048.468,1525.222,34.482,5138.462,23.092,8513.862,117.138,2388.426,155.317,695.777,269.186,599.205,54.778,67.892,75.58,550.944,347.119,1018.396,34.21,1014.01,2.827,92.612,3343.272,96.44025951,47.63627914,0.2453,0.0228
1987-09-20,28.617,231.103,87.374,9.381,25.641,143.046,29526.662,13326.461,26129.572,6928.846,17257.212,7.866,10639.158,7.05,23.569,0.6527499999999999,118.714,310.498,934.538,3.296,256029.248,120.929,3081.052,765.722,492.568,19978.704,92.292,57.229,81.434,6.529,48.833,42.065,162.772,69.443,364.3702,297681.024,58.1535,806.47,16295.427,443.308,3.786666666666667,188.872,61.805,4574.539,1647.946,344.105,89.563,56.2145,2285.347,226.439,87.605,2160.86,2162.036,31.612,345.935,349.207,6748.266,5682.79,6344.151,304.545,2652.867,1760.897,375758.752,231.685,1751.6,30759.676,166.66,42.101,249.72,58.912,228.253,59.863,22.54966666666667,82.434,589.375,2.672,784.838,4115.563,5396.288,41553.8,1175.953,0.56,7043.849,166.145,9969.934,445.776,15881.893,31.993,637.031375,223.392,848.538,134.735,127.671,40.852,490.077,104.575,1502.891,35.361,258.197,37.26,779.717,24.688,99.60237129,53.68849636,0.2884,1.7547
1988-09-20,895.19,192.17,147.945,28.88,4.039,201.196,44797.088,4638.405,14234.941,7536.798,18841.696,82.524,10275.401,5.392,51.534,0.603,68.671,131.332,1111.432,608.332,253471.984,468.203,3712.397,1036.858,579.209,21265.706,61.521,214.405,55.70933333333333,16.289,31.403,115.115,401.205,894.57,280.9898,291563.232,115.539,1929.754,19793.444,2595.843,3.887,695.817,796.238,8477.112,2194.058,428.313,2391.127,29.609,5799.575,9.778,352.822,3579.39,2602.909,118.025,455.734,4011.994,21943.216,13511.432,8287.264,398.765,2701.597,2020.294,526931.456,434.057,2777.015,43425.74,66.861,46.796,657.313,113.157,272.606,168.303,31.68,414.624,1213.104,8.0525,736.302,6458.26,6256.054,36553.988,2193.35,334.3915,7305.895,11.664,10815.374,710.862,30331.728,767.677,578.28575,247.775,1298.438,489.765,224.075,6.124,770.081,54.144,1544.804,36.512,321.325,57.833,2363.394,133.06,101.9345325,58.31421081,0.3201,0.6586
1989-09-20,3261.572,330.524,121.122,12.197,7.378,397.784,74231.008,6392.482,25731.85,10596.343,22840.708,129.318,10177.896,3.123,31.585,1016.135,47.957,475.431,856.298,3702.592,227645.312,344.153,5099.288,1028.664,775.327,20451.16,126.983,18.989,29.98466666666667,76.879,219.548,26113.37,12305.517,447.141,197.6094,337212.032,57.052,12129.98,15378.227,4304.168,3.987333333333333,431.932,4.814,12310.353,2130.185,546.92,594.988,200.602,5860.435,14.9,228.522,2263.74,5169.118,176.093,290.913,21707.78,19779.594,14578.91,8763.323,808.105,5157,1003.147,594335.68,426.703,90.894,47799.736,76.784,77.186,28.82,188.632,149.299,59.559,0.68,342.021,1814.861,13.433,606.02,7224.906,4191.904,43066.76,1827.086,668.223,15077.091,504.358,8031.416,325.691,16127.947,1302.527,519.540125,479.937,1395.739,1850.963,307.152,5.919499999999999,767.174,150.757,2022.042,23.6885,266.675,85.814,502.088,94.615,105.5365181,61.47480101,0.3562,1.3507
1990-09-20,6865.749,518.85,45.496,2.634,49.179,458.801,74304.072,348.321,49764.756,8925.034,21869.692,181.267,9264.33,8.67,20.421,21.107,101.32,341.772,569.905,1719.326,261865.28,220.103,8650.993,878.561,2249.029,19794.016,152.238,121.375,4.26,38.268,116.042,53.754,880.399,3808.704,114.229,370070.4,1214.658,7604.456,17138.34,6897.285,4.087666666666666,568.563,102.232,13143.72,3545.195,925.605,35258.184,18.981,7314.123,31.422,91.676,2523.377,2944.993,204.847,290.985,6407.454,25353.03,19353.362,9433.379,361.21,4922.744,1265.72,533549.664,578.321,471.008,17257.192,33.091,3.033,288.95,55.522,142.519,132.202,10.609,255.091,101.192,1.106,791.87,7931.617,6483.986,51276.9,3005,428.3724999999999,12211.195,53.373,7415.76,213.047,14537.688,333.773,460.7945,419.538,1279.389,243.697,320.549,5.715,572.81,41.399,1127.627,10.865,200.459,191.525,171.196,119.995,98.62302959,63.54410021,0.3775,1.447
1991-09-20,16848.744,718.58,45.813,9.671,43.603,2514.829,101358.144,2039.177,18261.79,11776.532,17075.664,73.761,8524.397,8.302,42.127,19.492,31.111,412.816,1616.853,4249.619,263617.584,96.053,15937.848,753.372,3593.913,26213.024,66.365,28.151,5.373,8.017,280.746,32.83,3205.67,9063.213,169.696,357889.408,1681.58,11183.651,6785.594,14691.155,4.188,986.217,7.783,14662.715,3334.493,710.998,7517.442,12.9535,12771.065,405.652,345.429,2535.381,1266.448,82.077,307.093,4380.464,18740.288,19814.13,7536.425,471.187,4214.507,1500.839,451435.136,527.305,309.172,36310.544,31.926,121.607,118.883,71.313,1010.844,134.377,46.98800000000001,447.982,70.993,192.759,765.696,8226.247,4879.654,42369.992,3324.318,188.522,7188.813,77.213,6862.163,289.708,36749.924,671.205,402.048875,502.228,1768.193,202.602,686.182,5.5105,1022.173,31.329,1435.918,11.39728571428572,147.35,101.958,18.374,44.31,98.93600817,68.35484324,0.3952,0.4173
1992-09-20,14818.905,247.611,699.141,233.327,49.082,1118.467,106001.968,6833.96,16275.317,6816.067,20290.975,65.745,8377.487,1.179,41.071,454.875,20.867,719.962,2252.578,9749.938,293156.479,121.152,20944.019,1294.849,2690.83,21829.939,572.347,234.719,204.015,104.905,865.613,7736.971,691.642,8856.287,225.163,258192.907,1595.488,19455.967,9629.547,15583.499,4.288333333333333,2282.155,78.283,21160.087,2595.693,619.673,8282.972,6.926,12186.29,247.172,413.131,1652.364,743.852,141.86,366.604,2702.134,9217.105,21626.469,7226.181,1046.287,6470.871,1501.784,463628.247,1060.807,220.813,52633.494,69.914,199.397,902.578,308.248,988.101,417.314,83.367,603.012,4.126,18.558,970.805,10620.51,5874.079,33602.889,3803.367,45.245,9847.07,50.924,8348.917,435.652,33021.468,577.478,343.30325,715.611,1699.684,311.292,945.782,5.306,1058.328,207.861,475.229,11.92957142857143,81.371,30.074,32.599,78.703,104.3175011,73.44501718,0.4141,1.2874
1993-09-20,3368.467,215.584,584.073,439.354,35.868,1015.32,97948.928,5301.883,29868.342,8391.118,23288.396,27.434,7921.235,9.691,40.015,600.342,80.049,516.941,1116.81,16158.839,364336.256,146.251,31409.638,526.635,2170.817,25947.692,396.472,43.428,55.864,59.599,687.177,3409.316,269.269,6581.881,280.63,239275.408,2058.746,16474.824,6125.267,17090.852,4.388666666666666,1139.306,34.274,28747.438,1396.54,566.819,1330.632,310.117,9495.116,272.005,181.235,1189.318,985.467,138.225,537.868,2052.289,13009.717,19907.216,5099.855,1241.585,2084.195,1643.233,530645.952,1300.458,222.94,52415.016,106.937,291.557,18.011,31.143,2681.854,46.315,315.271,639.024,0.876,124.095,1382.638,9809.141,5466.979,32497.364,4662.153,116.76,7761.222,113.316,7748.094,108.416,32153.684,1162.782,284.557625,1013.025,2100.921,244.913,559.126,55.681,795.934,71.018,1527.745,12.46185714285714,89.321,6.476,12.083,64.02,97.71886923,76.67525773,0.4365,0.6192
1994-09-20,7783.765,2477.319,362.452,632.764,44.528,5917.517,114128.096,18359.504,9639.688,10618.428,19946.912,39.17,17152.132,19.23,77.468,113.039,71.915,1746.879,2199.514,9910.919,494704.288,767.57,41041.288,1089.959,2429.636,29577.538,359.752,98.264,543.497,49.403,1463.98,8859.201,798.04,6700.826,336.097,218310.88,3839.28,18549.684,11453.237,20316.384,4.489,2188.684,206.372,41769.512,2585.151,776.363,712.38,72.329,5747.313,769.647,132.767,1485.458,612.467,139.641,653.142,1549.866,15183.572,32573.912,6114.676,900.498,10906.47,1697.804,561507.2,1045.937,397.276,60176.432,587.231,380.574,315.533,113.5,2536.504,98.532,84.909,781.473,26.575,58.215,2189.903,13161.577,6071.95,39480.512,5761.163,161.143,8818.154,445.688,7880.291,90.867,54669.288,847.22,225.812,1931.921,3573.073,311.359,317.102,106.056,932.51,52.932,2569.469,12.99414285714286,35.652,13.279,18.08,508.918,96.61475034,76.92439863,0.4512,0.3425
1995-09-20,126.306,2238.793,668.874,302.47,267.873,9754.431,120966.912,25610.106,13117.432,7499.992,18615.536,154.152,14086.032,101.475,3.687,316.607,107.46,4899.179,815.562,37976.148,414739.04,447.896,30746.48,1419.071,3060.982,29978.472,520.654,228.881,1156.738,108.374,2318.312,9997.58,599.488,13478.544,391.564,276059.264,7966.946,23168.48,8852.654,24897.704,4.589333333333333,4574.895,416.323,43840.732,4344.25,965.317,1647.157,723.067,5077.322,367.375,485.251,1638.265,1188.509,83.729,609.441,1402.089,18691.972,38199.564,7069.956,1223.47,13413.493,1294.004,717090.88,1007.532,773.13,75902.728,1223.231,784.812,686.271,85.431,2175.177,236.635,23.12,778.075,26.386,58.077,3138.751,10751.965,5097.244,22985.604,5796.25,540.753,7415.62,473.193,9224.705,443.674,51828.164,597.885,286.361,1647.759,3043.029,92.486,279.345,36.873,707.414,258.644,1581.594,13.52642857142857,71.499,9.9785,377.053,263.924,99.8528674,78.1185567,0.4753,0.8963
1996-09-20,2117.556,2942.315,899.328,185.238,82.207,4657.53,91311.982,20014.182,42061.132,7687.445,25886.557,146.243,17604.932,65.612,58.645,487.401,65.515,6766.201,8927.518,57428.672,475727.147,1926.152,21318.342,1960.468,1574.284,28046.382,425.044,157.29,12.128,36.858,1623.311,15706.582,3369.195,10906.173,447.031,236416.466,2730.054,14589.176,3969.612,27958.086,4.689666666666667,3838.228,2478.839,35678.09,3603.49,1043.722,1817.051,24.459,6395.023,194.483,431.057,1055.794,4189.992,161.308,181.571,1050.317,29690.597,54244.536,6639.027,1154.755,19436.204,1306.346,449088.406,937.438,909.151,46021.422,650.807,1045.974,375.651,137.654,2105.417,124.084,154.762,749.003,102.269,54.743,4644.956,10381.982,7353.024,15198.993,7119.246,167.649,7592.548,4843.16,7305.278,230.239,78373.849,531.487,346.91,1413.043,2614.801,476.035,553.552,5.081,551.378,261.93,1885.8,14.05871428571428,167.645,6.678,50.17,32.965,104.590509,83.65979381,0.4981,0.913
1997-09-20,5170.805,3551.06,615.188,581.965,35.317,7706.288,79835.808,23343.77,18275.576,11448.804,28746.348,146.766,29666,75.384,77.423,134.813,605.421,4061.64,4746.748,35317.04,558859.84,394.817,22728.332,1798.71,1128.223,26104.022,853.309,123.911,24.724,161.509,1805.47,970.693,920.522,5388.199,758.9672,230994.08,2370.555,9139.089,8713.891,17740.888,4.79,7779.651,4673.79,38216.104,1440.67,759.524,3070.591,113.648,6311.43,517.371,889.405,1129.029,1915.507,122.116,1043.437,1142.001,19620.96,47749.088,6223.796,6371.56,11847.398,1352.19,316675.679,643.756,1067.765,45770.488,644.458,1486.077,1735.218,188.718,3052.6,236.464,495.353,892.381,25.614,5.004,4229.887,8096.924,8947.778,11715.005,8046.789,28.21,15303.74,2223.804,8733.409,517.897,98829.696,902.843,407.459,1910.738,2596.026,404.192,824.254,40.186,1227.313,166.236,903.099,14.591,186.042,31.936,824.783,388.074,106.0842803,86.47766323,0.5122,0.8134
1998-09-20,343.107,2243.579,2010.121,806.292,161.543,8481.306,73989.744,13395.245,6546.4,9515.798,19547.41,160.308,30733.818,155.833,142.426,73.461,392.613,4155.919,3466.767,43508.18,487844.704,232.572,16440.927,1281.849,1254.269,25965.656,899.334,121.7,30.461,188.709,1115.294,1073.169,9786.904,66.287,1070.9034,184886.272,1502.087,12450.826,3563.978,11954.892,4.890333333333333,21854.589,3687.965,29835.276,824.115,1015.93,1694.574,341.507,10168.553,553.911,400.744,1044.084,4083.112,91.257,554.829,744.743,20831.328,34286.228,4174.144,9079.565,10529.03,686.151,331904.416,816.4,2101.137,18448.176,257.695,1467.281,7000.78,251.865,3336.816,587.613,81.15,1060.886,71.461,154.216,3795.824,8657.108,11833.886,6833.277,7390.372,93.947,13173.086,4833.648,6879.581,1331.64,51836.552,841.982,84.651,573.567,2563.74,763.537,420.1,95.725,881.482,395.16,325.888,11.134,313.959,21.53,42.221,300.544,110.6893386,91.70103093,0.5246,0.8319
1999-09-20,5835.859,3431.618,2227.092,245.094,145.039,8921.235,79227.385,7766.645,6693.652,13796.21,19934.337,153.439,22686.612,31.181,150.76,62.115,235.716,6416.745,3916.82,40283.583,487540.961,4806.041,18032.478,1606.169,1208.363,31956.224,912.452,125.31,261.305,248.977,1764.706,4615.803,585.933,993.483,1382.8396,96544.385,2400.706,7806.379,3287.22,11650.078,4.990666666666667,9822.774,2417.741,33490.646,589.574,516.806,832.16,53.855,11208.905,270.948,214.261,887.496,3361.138,158.997,345.17,1581.568,15206.381,34734.633,5281.527,9934.788,15129.372,1249.463,444892.584,777.134,1437.109,19720.769,470.794,2683.333,1304.951,229.324,4625.239,458.81,12.175,1153.517,25.894,100.966,5789.941,10718.34,12051.761,13563.316,8181.771,67.316,11627.657,3377.275,8608.929,1413.629,64153.822,648.717,124.82,1677.273,3036.634,451.579,1268.214,51.46899999999999,1071.43,332.769,270.292,29.90766666666667,119.229,29.577,15.254,48.105,113.774109,98.9604811,0.5471,1.6568
2000-09-20,220.285,3552.568,722.748,330.533,405.585,12233.733,117309.508,4728.151,5334.395,13860.079,21688.5,309.175,22022.496,25.841,82.786,50.057,193.492,3810.977,3814.234,47631.938,515938.045,1715.959,21272.921,1785.251,1860.606,27466.315,1250.434,467.454,124.896,226.48,2826.731,3986.977,806.452,1027.751,1694.7758,134124.142,2074.081,9582.609,4485.705,12792.317,5.091,8232.112,2287.171,39594.507,1193.182,397.69,1381.216,2.647,10409.964,88.899,373.899,811.483,3097.821,246.186,314.623,6547.952,14936.783,40387.839,4536.796,14703.06,16390.185,5051.319,409189.446,526.606,1403.191,36039.311,467.502,9435.162,2993.482,247.15,3237.565,601.619,88.935,1194.213,59.546,3.036,6787.001,14241.771,11658.538,14670.811,9461.039,126.417,8721.252,384.908,7815.168,846.156,59678.438,1176.817,186.741,1327.181,4105.15,489.815,1383.019,7.213,1440.105,1178.215,310.183,48.68133333333333,123.518,42.777,168.217,48.843,110.132489,102.9810997,0.5633,3.6608
2001-09-20,337.03,2176.494,308.178,623.897,570.546,13674.594,94187.546,3453.51,3267.124,9717.619,18051.086,302.379,26207.422,194.913,31.589,190.749,157.23,2434.53,5376.969,14966.658,381291.394,232.086,17757.654,2680.555,2055.288,18941.748,2041.527,317.357,302.045,177.993,4106.58,306.839,5769.566,3339.426,2006.712,75183.119,2013.204,9048.732,6562.008,10299.942,5.191333333333334,12499.791,3130.572,40234.552,2010.387,658.506,3607.161,35.706,8178.312,331.665,983.795,663.056,2582.685,235.65,1319.475,2040.933,19276.924,41462.492,7086.646,8837.867,14377.089,1442.765,368159.973,733.502,1189.146,13958.899,874.351,5391.396,4912.198,201.446,3824.402,363.666,23.779,1496.265,128.326,112.606,6194.356,22465.642,9602.269,9932.054,9107.623,90.727,16971.653,1107.76,11389.581,1561.103,80009.585,1385.976,99.599,1133.797,4314.059,919.772,678.764,82.767,720.508,1852.664,216.932,67.455,314.726,96.827,246.411,255.561,86.97608533,91.40893471,0.5869,1.5476
2002-09-20,992.334,2131.977,726.489,489.921,458.278,11537.504,71942.434,5439.288,3704.089,9197.192,15540.75,215.755,29928.906,192.902,13.778,707.616,218.297,4253.837,5846.572,12543.27,316766.689,5311.082,16750.219,3500.572,1467.473,21896.078,2486.72,305.072,559.67,325.067,4424.409,474.83,2879.75,140.622,480.989,296104.688,2999.894,9920.458,7057.885,8283.125,5.291666666666667,15230.271,4952.637,32660.315,2112.561,808.498,1389.966,15.896,8688.48,123.265,387.18,793.319,4098.882,206.847,1051.143,2149.732,19621.706,52382.847,6323.669,10254.053,13264.15,1623.016,405523.379,494.279,2270.063,6272.182,5828.173,3177.483,3888.749,251.891,4554.291,534.886,178.892,5535.995,155.041,18.847,7127.003,22344.002,7973.172,8076.97,8780.415,223.309,7806.945,1025.534,9343.928,1575.385,86162.42,738.457,101.9475,2069.981,4356.689,350.378,989.041,51.113,767.375,1007.409,242.761,128.822,200.87,10.685,25.734,555.479,100,100,0.5982,0.804
2003-09-20,2158.002,4884.075,590.935,791.536,505.191,18030.799,70459.67,4760.881,6458.44,6718.601,14273.15,287.796,28940.571,20.248,2.133,759.655,89.234,4274.226,6769.289,26048.748,230019.192,9950.596,16395.836,2346.704,1516.493,16909.782,1051.746,398.742,1122.109,294.453,10335.835,4430.316,2956.823,1475.076,1.868,182601.644,4203.075,12488.229,4541.44,7506.906,5.392,24679.619,8360.879,32657.129,1374.462,1509.053,1783.803,442.986,13301.535,362.362,477.441,871.54,3759.291,391.446,610.78,1816.274,13321.962,69551.592,6546.455,48972.777,8353.969,1766.637,375245.042,550.161,2295.553,10107.413,1145.192,3971.541,4822.222,424.414,10063.724,540.228,95.013,6167.383,20.699,21.566,8682.677,19145.613,9228.18,5590.983,13252.188,606.972,12139.969,1119.899,11491.306,1622.898,85164.934,297.395,104.296,1146.299,5031.515,386.545,866.928,169.192,556.383,391.412,339.176,345.881,319.206,45.785,118.42,3497.494,97.07524373,104.6563574,0.61240000000000006,2.9671
2004-09-20,507.825,6172.558,561.23,441.024,452.959,17266.853,83968.284,10387.064,3325.335,3963.072,14603.436,322.327,34575.477,17.521,5.932,956.371,163.336,4641.205,6238.787,67896.286,206367.597,20313.568,14601.473,2246.356,1473.385,25901.878,968.756,594.843,1965.35,496.774,10036.178,6523.237,15038.883,766.112,80.948,231887.057,4247.062,17931.931,4462.632,7287.288,50.505,27376.704,8656.91,31235.549,1067.861,1865.695,3438.552,16.878,15993.134,147.436,617.3,1298.395,6036.883,462.585,556.358,3908.478,12267.866,63781.177,8491.266,8605.501,20812.439,1939.599,411828.641,673.111,3264.351,31738.37,994.458,9622.74,6217.051,539.494,8984.576,593.672,331.831,3640.519,0.851,200.309,5863.165,10880.22,8215.74,6185.783,12955.748,545.209,14513.969,943.211,12025.629,1415.324,75493.143,250.696,1164.025,1619.478,3281.281,503.319,1031.612,241.271,982.998,847.814,323.202,42.706,773.725,26.921,40.229,3584.156,97.70852429,102.9123711,0.6278,2.1381
2005-09-20,928.062,7480.736,553.397,551.751,297.134,32453.862,109041.826,9328.126,4401.578,6153.018,16980.584,383.812,56309.418,50.996,43.212,456.584,138.468,9372.206,10637.966,99442.878,256798.605,35263.926,19902.195,3944.394,2940.352,31708.463,3532.291,757.185,683.281,812.384,10541.67,441.631,22225.335,1236.25,466.92,328688.916,5495.889,25990.476,5183.829,7515.635,13.352,38787.781,14646.818,33574.77,1233.089,1673.672,3339.525,11.481,13756.567,181.988,732.911,1706.137,3474.138,523.374,660.223,3253.469,32499.193,103340.884,9525.716,13206.191,18969.973,2178.457,455689.425,873.775,3252.983,56111.955,1199.787,7693.23,10733.544,468.451,14111.142,755.981,56.382,3397.446,0.474,186.333,6798.452,9641.567,10549.513,5398.832,16624.507,132.956,13356.338,846.605,12709.811,2302.326,74732.336,107.123,4.105,1849.409,3474.549,851.283,727.334,56.159,1180.298,765.956,559.263,290.725,522.239,26.428,11.521,4409.263,96.85859512,102.3969072,0.6452,3.8055
2006-09-20,7606.731,8515.676,1670.306,192.969,185.404,35914.392,131631.98,10883.309,5578.504,5338.39,17205.13,530.615,60504.876,97.358,11.095,145.301,257.036,17215.012,17781.158,127650.356,236035.677,35185.892,20623.244,2835.099,2569.353,23426.966,3070.24,939.309,1066.039,844.646,10245.278,53.103,14746.342,222.965,852.8919999999999,322687.516,11192.802,31183.209,5396.702,6014.536,5.314,39117.713,22017.638,29825.844,1378.776,1559.543,3772.212,0.125,12660.282,182.433,515.357,1856.425,4351.647,652.189,978.911,680.919,57120.92,114878.419,10927.03,7861.237,15108.318,2225.873,410271.71,1161.208,3697.355,56873.884,915.274,18549.921,14525.596,487.566,14407.592,1261.894,150.715,5404.602,3.828,75.527,4470.538,23610.74,9982.492,6891.471,20314.257,268.161,12691.523,1490.119,13160.663,1278.243,83734.699,254.447,5.413,1892.16,3506.245,408.348,808.553,59.475,1454.537,293.615,438.127,6.413,448.893,146.56,4.1,3089.325,98.53667757,103.7886598,0.6631,1.0426
2007-09-20,5313.717,7880.427,681.39,247.189,166.376,44525.826,106842.256,4655.791,4997.983,5601.089,12957.125,390.408,82418.652,122.189,9.2,89.393,312.295,19280.098,22811.86,188913.364,243200.491,23474.055,19599.75,2820.784,2790.519,33127.973,4627.588,1435.568,1299.685,931.168,7118.605,426.881,12686.987,2862.934,1238.864,304646.591,16685.717,27836.831,5652.745,7609.893,3.991,44683.695,23013.089,27939.329,1957.843,1684.872,4301.088,3.144,12675.515,191.307,733.854,2812.371,2193.29,582.791,925.743,494.278,47082.792,141620.197,13151.444,9210.135,23672.048,2422.692,371267.601,674.449,3682.824,136915.299,1366.429,8388.21,16807.097,481.209,16458.034,1126.491,90.075,6697.405,0.694,84.914,4288.483,17188.557,10945.416,6116.256,28196.154,324.374,11535.145,1027.667,13279.925,3445.019,73185.111,3.415,4.882,2809.01,5229.436,1403.759,601.861,19.952,1042.149,334.841,631.451,36.305,609.845,37.362,428.259,9467.276,97.28824908,103.1013746,0.6875,1.7518
2008-09-20,24626.502,10735,811.124,129.731,351.061,65071.489,127682.165,5076.556,11170.442,6032.29,12413.28,793.477,25335.913,259.726,7.305,64.275,357.554,23548.386,23229.455,368012.76,211461.984,33177.72,16711.36,3766.934,3299.633,40488.961,4305.221,1702.155,655.438,1257.779,5584.633,4850.49,33083.479,8043.82,0.14,228480.121,17204.742,19397.358,5519.511,8606.173,2.668,59332.186,19249.982,28128.705,3253.605,1832.085,8858.373,17.35,13643.109,215.426,2791.035,2122.464,1123.623,663.365,1322.771,1604.084,64497.323,164834.94,15985.466,4827.396,33061.708,3963.408,268573.207,990.858,2277.99,292438.136,1938.343,6935.321,13798.008,477.56,23578.099,1332.966,261.421,12497.717,12.223,173.478,3638.698,47377.47,15102.867,4676.855,39881.472,530.523,13857.076,1906.019,19070.158,3703.417,68889.54,462.218,5.613,1627.456,6651.185,1846.477,678.151,33.67,790.392,375.962,883.647,364.533,750.02,70.147,190.125,3085.111,97.34499583,107.7147766,0.7042,0.579
2009-09-20,9835.412,5624.697,1351.437,101.875,295.428,59771.353,140015.737,3529.245,4846.017,4199.942,11996.363,1105.362,23279.72,760.451,2.864,129.693,271.434,18533.715,13085.061,212343.091,187777.7,9903.369,14623.043,3943.497,6157.404,36586.509,2510.531,1875.747,864.37,924.405,4297.054,115.514,16776.778,1094.158,0.14,345398.619,8153.303,23535.007,4594.354,7232.616,1.345,38400.913,7177.516,28705.784,1664.631,1342.334,5611.136,0.01,13657.567,838.043,8692.966,2573.351,3432.949,205.905,1490.891,6337.662,27107.46,140783.079,19581.852,21189.89,32805.209,2989.221,242378.79,1041.26,3736.763,100346.364,1721.261,6073.176,20755.08,547.324,21616.018,995.637,441.476,7180.689,14.688,102.472,3380.191,78741.606,15695.779,2789.611,22259.119,112.384,13245.961,5343.669,12509.823,872.697,35113.656,397.33,0.925,1222.206,8088.898,479.267,981.48,38.505,690.014,427.905,508.714,33.427,573.024,99.191,0.689,2625.341,100.0931599,110.5670103,0.7128,0.8866
2010-09-20,53258.091,9672.136,3757.666,266.005,277.289,70637.296,126358.945,2544.218,6596.055,5334.365,11697.667,2472.735,24514.563,1054.322,2.097,110.419,318.324,15917.451,20279.125,326830.79,299953.078,21925.538,17429.049,3975.15,4021.36,39311.147,1837.745,2966.1,1098.743,1173.991,6331.079,74.703,35684.564,1887.929,0.14,190793.13,7633.076,22391.728,5032.205,6271.233,0.022,48200.877,13561.354,26747.122,2529.331,1235.989,11457.545,47.653,22200.997,1434.814,2200.793,2676.737,10860.897,355.59,1626.185,1200.833,54946.344,170258.213,27947.151,13737.604,28267.027,4271.175,250311.595,788.137,3761.584,380483.296,1503.378,10601.701,27180.363,584.71,31082.6,361.409,494.319,13806.402,48.544,107.459,3307.138,41432.622,21947.488,5057.531,38836.369,13.754,20128.229,2124.102,15243.094,1438.567,62934.42,124.93,1.501,1611.311,10038.318,569.26,1191.627,60.463,1100.119,336.797,201.986,110.945,919.583,7.802,10.284,818.884,101.1419208,112.0704467,0.7254,2.9711
2011-09-20,34390.745,16936.342,19514.012,266.132,336.695,70419.763,199924.536,4348.754,9631.638,7927.197,14481.215,2885.958,31844.238,1124.846,5.648,326.687,1181.34,19052.289,29552.928,515004.795,393981.642,19207.912,18779.745,4857.795,9112.481,53014.521,5160.278,4071.287,1471.76,1907.03,6531.739,229.281,59656.648,715.44,4.18,167148.042,8995.684,27638.03,6068.249,6924.507,0.416,72901.106,18035.297,49185.653,3299.563,1688.116,25108.556,23.8285,52905.914,2207.303,2863.58,4397.036,20038.71,1010.973,5553.056,1741.365,44430.875,230076.888,33867.421,14746.15,38039.156,5862.455,322288.514,1858.48,5653.431,221655.787,1524.176,16856.454,20917.708,477.055,45414.884,5788.601,705.073,15605.527,83.966,206.474,4917.848,13519.2,27169.954,3144.024,48028.384,50.415,22273.437,1898.44,14990.422,2646.347,107776.318,69.524,0.337,4131.04,13512.666,605.966,1062.392,64.326,1549.648,706.87,357.95,142.2,1233.227,49.803,192.619,607.876,98.48262406,117.4914089,0.7365,0.996
2012-09-20,2803.125,16430.748,16198.651,242.43,589.615,75544.995,226926.821,9337.379,6423.292,6434.775,16282.495,1998.061,52552.594,841.837,4.892,548.313,1028.093,24632.774,27588.654,331222.375,339678.735,7395.427,25343.649,6784.34,16209.78,53015.845,10114.752,8669.928,740.058,2013.074,6441.608,114.362,83960.31,2451.236,158.194,197818.831,9207.299,22356.127,6317.99,8216.597,15.573,79345.783,26361.734,53363.168,3007.506,3017.319,30915.094,0.004,99922.743,3436.612,4156.177,3255.516,25898.714,493.339,2863.92,1233.471,85235.116,259490.501,36596.182,21967.187,26906.158,5580.141,334756.488,2191.004,5773.764,244133.522,1264.97,21105.089,24633.351,779.834,92652.441,15492.765,349.917,26557.948,303.114,165.961,4569.137,38543.172,18688.371,2971.547,47876.395,120.652,21724.756,3034.869,10734.433,1526.347,67783.208,32.216,14.059,4611.101,19244.061,686.84,1295.289,347.528,1339.805,1136.593,259.333,120.909,1861.227,211.669,346.933,2384.734,88.65061291,119.742268,0.7492,1.2978
2013-09-20,10337.337,16513.429,20241.616,564.379,697.771,122029.51,237772.314,7907.821,9129.825,7320.728,16055.171,2286.388,61051.28,1695.562,13.982,731.145,1039.276,46009.854,25922.801,284272.832,410316.845,6229.019,31261.687,7820.265,19024.528,63012.824,13297.446,11160.53,409.957,2360.699,8070.582,274.673,47062.164,2009.929,48.17,278599.27,16611.592,29634.157,7619.777,11150.13,7.885,73391.566,25352.662,54134.207,4558.072,2674.94,34268.704,0.079,105677.609,4909.786,4438.286,4065.795,11123.639,833.911,2969.184,35096.002,40216.221,303306.952,32107.546,37433.41,19287.324,4722.305,329528.532,2116.447,4858.212,301084.841,1522.63,32457.393,118081.341,1192.751,125106.863,12900.944,501.486,28918.662,31.329,491.32,7636.813,132566.666,17561.937,3673.827,60235.914,26.589,21689.138,5218.046,19273.046,1842.195,83923.29,13.55,7.846,3986.273,24292.96,8611.31,1950.211,508.117,1605.695,1050.663,570.921,99.799,2726.044,38.828,16.143,356.139,93.26744759,134.9914089,0.7615,0.826
2014-09-20,11645.297,26828.249,15258.414,192.793,573.384,118636.371,219209.094,5919.738,10102.202,7666.23,17919.638,1934.682,56229.998,979.74,0.393,230.868,1873.764,56522.274,20727.284,35524.919,431516.741,4313.843,25787.798,7587.228,22552.214,59560.202,14438.785,9030.28,348.74,1975.945,4940.051,1680.354,37688.626,1801.745,45.755,206724.106,12043.153,16857.89,7464.462,10510.563,0.197,86909.46,21090.303,54630.722,7722.862,2363.228,27759.657,0.079,67837.475,3795.454,1365.495,4753.009,10845.551,484.64,2024.89,36053.391,54351.62,310099.937,36143.784,28838.063,22173.078,3319.959,290805.979,1676.76,3914.244,252141.545,1116.198,26765.967,122717.923,543.557,145253.748,8782.397,520.054,23841.269,44.775,212.984,5602.369,117641.607,21784.122,4143.916,63343.386,61.284,19654.214,6236.731,17031.64,2441.277,91061.462,3.18,1.196,5297.457,24072.486,5185.096,1346.189,559.193,2062.123,1019.083,476.127,150.759,2059.122,91.835,86.174,789.069,93.22312598,141.1426117,0.7831,2.6153
2015-09-20,36479.715,34385.804,12216.75,181.437,538.522,101820.407,190258.974,4115.449,11360.239,5923.494,13695.378,1433.61,48594.081,909.863,1.2725,274.397,1661.82,54798.086,21001.258,38652.391,387431.863,4161.09,21823.81,5986.021,33889.149,66957.526,11346.41,8592.932,249.657,1455.901,5196.627,997.446,40124.298,604.899,80.692,40955.65,6455.198,14069.53,5593.474,8970.945,0.156,112408.031,17182.174,48971.132,5488.416,2475.844,29798.311,0.079,54961.124,2465.009,3459.88,3715.946,2887.815,304.925,1871.97,17038.429,35907.858,345798.895,30387.818,15936.83,22184.715,4428.48,224769.12,1619.236,3738.796,166597.437,964.171,27678.236,64314.305,557.884,135570.67,7716.405,287.428,34274.007,73.422,266.276,4053.137,93646.219,24234.118,3670.998,55125.356,164.72,17263.792,5301.717,14815.907,983.353,83397.081,98.2205,0.6925,6834.712,23190.943,1857.475,1407.995,559.448,1894.906,1267.374,287.105,36.45,1579.579,107.233,294.526,394.591,NA,149.2869416,0.7962,0.4887
2016-09-20,52862.371,33840.449,17601.333,383.436,1585.939,116239.951,190494.515,2863.175,10554.293,5924.885,11775.101,1818.081,41114.1,175.955,2.152,319.511,1734.077,58130.832,19954.626,50178.983,381313.723,5115.72,21474.189,6441.384,31199.783,57306.008,9122.203,9448.875,206.853,1103.157,4153.934,647.026,30043.541,625.554,140.4805,5477.104,6599.191,19207.988,5836.812,7632.531,0.967,102475.947,17286.134,48379.975,5614.5,2144.537,27420.92,0.079,67045.239,3649.195,1982.734,3539.144,2634.453,734.614,1678.861,10468.203,30876.817,371533.569,25255.244,18643.569,18072.078,4929.967,249652.064,1596.049,5723.352,136791.326,1278.709,22766.445,111443.6,458.707,189802.968,6105.116,296.393,34990.186,140.517,199.22,2572.291,30816.148,24499.66,3172.167,53163.489,218.415,17390.823,5788.213,18387.834,2974.192,83629.769,193.261,0.189,6263.531,25272.29,3650.641,1515.658,1041.19,1801.542,1892.335,350.801,28.996,2080.545,41.217,532.544,1001.437,NA,NA,NA,NA
2017-09-20,115546.926,45809.077,5.508,252.611,1615.883,161178.843,231240.898,1089.044,12107.007,6965.276,12171.168,2536.439,30189.87,102.955,2.152,219.209,204.82,60559.315,8982.081,90146.029,433971.524,4409.043,21024.289,19139.663,36437.041,88941.034,6588.06,10532.38,356.975,1105.177,8699.404,1829.315,25102.282,401.037,200.269,140314.578,2907.254,14889.695,5280.302,5396.159,0.967,108116.213,18637.552,799.403,886.444,1798.128,32583.882,0.079,81126.057,1406.243,1657.281,3053.935,1458.073,1420.755,465.12,4731.387,46817.973,381992.871,34013.306,28726.797,20432.29,8249.264,244416.173,1523.357,15710.342,230850.6,1160.183,70650.981,124818.554,336.534,181660.554,7860.398,5431.038,32951.942,104.677,180.169,5756.057,16027.194,21501.054,4705.432,60796.236,222.406,18566.62,1338.444,14868.712,2227.693,82913.231,248.724,0.321,5545.733,18486.535,5429.422,1678.064,1295.014,1252.066,1364.88,177.27,46.031,2276.899,152.484,19.643,3396.089,NA,NA,NA,NA
2018-09-20,169822.717,48036.554,7.083,141.894,1947.372,126001.168,257787.519,853.495,14143.729,8783.54,8248.451,3080.829,30862.102,235.244,2.152,1427.736,80.644,70433.441,16690.015,76738.188,413028.368,4138.898,19974.586,18400.743,33377.566,85138.476,6947.933,10981.683,652.101,1123.206,7196.308,2593.386,40682.411,3050.836,57.355,101508.91,3084.659,13810.024,3954.787,5039.855,0.967,125408.69,22018.595,857.652,870.336,1871.263,37858.251,0.079,73631.039,192.598,2012.27,3328.616,1385.455,2472.657,522.539,1095.346,40196.178,460125.172,32503.714,45856.451,17093.127,7645.585,368235.562,1501.038,15407.39,230029.848,2297.329,152358.922,261862.333,510.4,232363.619,8223.533,8192.898,25082.213,2.529,67.119,4910.479,536.375,19422.135,4295.794,76770.113,481.97,17293.773,1198.884,14804.446,2210.33,97494.224,99.254,0.188,5622.824,19038.216,5933.661,1535.565,1352.507,966.023,1938.058,294.278,487.293,1068.547,248.665,33.626,393.081,NA,NA,NA,NA
2019-09-20,149800.704,49663.552,3.051,164.657,2263.789,135435.736,284254.493,849.637,12966.377,6500.077,8499.559,3352.98,24916.588,392.583,2.152,1161.547,101.016,71176.947,16239.821,43583.968,419048.243,6125.827,20189.836,17664.035,32429.912,68741.272,7398.422,10439.054,922.7,1256.808,6196.861,10810.283,61526.604,788.147,1.767,169516.716,550.037,18557.036,3302.086,4923.206,0.967,123165.324,24935.199,5809.709,976.374,2483.122,38064.96,0.079,95586.238,121.193,3824.18,5267.167,2465.395,2452.915,375.852,924.276,32748.756,542368.236,38002.347,40831.235,15375.942,8627.615,377653.45,2137.859,14597.96,191041.684,3299.535,131424.591,137294.933,440.119,234713.54,7327.035,14202.911,25567.632,0.301,333.619,4125.114,1946.352,21470.776,3772.177,84485.911,939.029,21814.156,2267.216,12011.592,2116.885,86659.683,366.804,604.811,5959.958,20760.849,3249.818,1303.963,1066.974,1952.512,2277.429,204.209,43.234,1109.156,175.002,27.113,479.155,NA,NA,NA,NA
2020-09-20,100477.291,49782.695,0.166,103.153,2673.611,153040.23,230003.731,1449.056,8327.402,4667.989,7049.989,2274.803,28141.347,950.921,2.152,1704.432,61.673,53859.569,13614.048,31951.149,379873.951,7753.458,14156.092,16942.091,26082.66,56917.476,6120.813,7186.95,1284.727,865.583,7586.13,798.317,39081.528,1204.953,20.396,176006.247,563.223,15260.495,1718.257,3572.309,0.967,101332.014,18941.024,2974.67,741.342,1769.103,32547.088,0.079,115464.158,49.482,1518.797,6393.146,3822.807,1172.897,237.661,974.499,32764.563,534053.487,37436.899,44124.178,9257.977,6534.539,268715.182,1943.015,14545.439,132759.04,4741.043,87970.954,145965.004,308.8,172152.574,6449.012,6482.336,24416.188,22.519,355.77,4471.237,37.481,22071.205,2584.767,62418.292,721.239,17539.449,1854.027,9108.688,8005.458,49770.379,59.864,0.139,4709.135,17483.368,6566.578,1004.296,1612.223,1900.432,2301.564,159.848,41.437,720.842,135.768,6.83,4728.106,NA,NA,NA,NA
2021-09-20,272735.393,61639.906,2.047,203.414,2608.66,203495.813,252422.704,2569.65,6927.967,5893.945,11319.672,2891.874,26283.702,1154.187,2.152,1924.994,47.699,63733.348,12243.344,50292.784,444525.065,4167.652,15855.483,19880.256,34513.101,60817.626,6631.901,7206.415,816.741,880.918,9428.653,11840.994,28024.09,8735.392,0.008,76333.857,848.955,22503.01,2420.785,4156.883,0.967,154994.313,25826.568,4585.443,683.215,975.668,49582.442,0.079,108989.141,54.22,1464.636,7774.628,1896.356,1296.378,195.083,820.348,19715.23,682885.508,36096.679,56236.775,14732.584,11252.262,342313.053,1828.836,12544.771,271703.101,5067.923,77788.674,325149.702,513.621,308233.776,13400.003,6172.755,22331.413,22.442,1030.968,5623.932,90.55,25835.701,2765.627,84781.932,579.621,18588.746,201541.242,11773.045,20393.103,66849.563,43.359,6.819,5834.408,18295.344,4423.819,1022.173,2009.196,2056.363,2704.867,364.823,41.383,894.604,176.842,74.5465,2451.523,NA,NA,NA,NA
2022-09-20,296563.599,74302.528,18.839,239.977,3135.314,249110.097,270369.769,1107.423,7611.309,5599.3,15608.104,3796.365,24970.215,1443.89,2.152,1410.501,107.91,69976.35,11160.708,92631.516,438938.204,6743.202,13000.234,20062.365,50025.26,36983.578,9020.216,6843.033,858.436,889.427,7602.056,2488.633,39795.063,3156.884,0.087,76333.857,896.952,23907.934,3022.815,4300.065,0.967,184871.88,11256.815,3712.712,827.046,1928.44,50078.576,0.079,121313.543,1046.794,1512.76,13157.167,2872.281,1951.31,190.464,680.32,39550.638,710179.82,41510.686,105668.968,15352.726,14004.837,301254.265,2103.922,11993.736,294193.33,4196.358,97226.375,187857.805,413.292,365541.023,9198.003,9103.857,25598.279,28.753,2274.043,8487.387,102337.372,25272.785,2374.351,99346.801,824.644,16447.415,174668.019,10344.832,25637.118,88142.552,78.071,9.3905,5756.886,4847.798,2148.589,1082.605,1005.0075,5159.341,2888.141,184.639,52.112,1449.162,176.842,142.263,10898.102,NA,NA,NA,NA
2023-09-20,401763.932,52813.473,11.601,474.366,2779.567,281112.567,272568.628,1730.032,8560.781,4032.316,13920.619,3554.218,28673.668,2345.918,2.152,1183.018,132.385,66318.386,12826.772,95531.095,356805.522,7288.513,11430.932,24917.451,44042.584,47133.812,7848.145,5528.657,1056.218,1005.262,6903.738,2559.554,34235.942,2558.695,3.338,76333.857,729.221,24765.183,2155.159,4307.366,0.967,165686.77,27915.345,1830.273,729.604,1981.356,63877.362,0.079,136698.732,4099.526,362.459,6780.381,4581.746,1731.809,70.919,801.747,34628.027,617577.359,42728.571,104771.908,9295.405,12180.613,222576.653,2124.567,12013.281,178635.834,4560.968,119972.713,252695.709,440.672,426085.709,10434.629,8565.164,30580.632,38.913,2846.493,6575.11,623.336,25270.769,2107.386,71048.904,966.225,15554.083,98769.926,11692.739,6521.493,62736.969,60.109,11.962,5016.17,5591.684,2281.508,1735.508,0.819,10485.128,3764.517,145.685,77.211,1205.502,176.842,2.873,6669.346,NA,NA,NA,NA
2024-09-20,330063.308,49251.256,5.514,271.475,3012.385,441901.605,291162.735,1997.328,7853.262,5321.688,11120.895,2612.808,25280.186,1964.443,2.152,488.814,164.187,60676.478,9792.865,71429.772,357902.3,11468.016,8715.032,36513.867,30776.316,37257.384,7680.94,6105.589,2292.097,798.047,7847.024,3347.44,84202.359,4725.418,46.699,76333.857,867.053,28782.012,1998.561,4176.895,0.967,157640.055,6535.942,2168.123,695.445,2311.54,54594.988,0.079,123396.12,2.978,2809.364,5611.711,5405.275,1247.411,113.722,754.352,19668.864,548889.538,43968.294,106128.42,12015.31,14294.41,181947.324,2046.863,11887.735,188290.925,3964.881,129597.793,320323.759,453.747,898886.504,6875.194,4068.638,20147.71,31.421,1171.638,6281.405,119.512,27938.155,2052.376,68198.086,830.775,15347.745,304037.722,10168.002,7076.338,49784.83,100.361,11.962,7488.213,5940.84,1615.601,1531.194,0.01,9647.508,5281.757,124.427,144.979,1206.478,176.842,14.82,146.896,NA,NA,NA,NA
