year,agricultural_machinery_and_implemen,aircraft,alcoholic_beverages,aluminium,anim_veg_oils_fats_processed,animal_oils_and_fats,articles_of_artificial_plastic_mate,articles_of_paper_pulp_paperboard,articles_of_rubber_n_e_s,chemical_materials_and_products_n,clay_and_refractory_construction_ma,clothing_except_fur_clothing,coal_coke_briquettes,copper,cotton_fabrics_woven_ex_narrow_or,crude_animal_materials_n_e_s,crude_chemicals_from_coal_petroleu,crude_rubber_incl_synthetic_recl,crude_vegetable_materials_n_e_s,cutlery,developed_cinematographic_film,domestic_electrical_equipment,dyeing_tanning_extracts_synth_t,elec_apparatus_for_medic_purp_ra,electric_power_machinery_and_switch,equipment_for_distributing_electric,essential_oils_perfume_and_flavour,explosives_and_pyrotechnic_products,fertilizers_manufactured,fertilizers_crude,finished_structural_parts_and_struc,furniture,glass,glassware,hoop_and_strip_of_iron_or_steel,ingots_other_primary_forms_of_iro,inorg_chemicals_elems_oxides_ha,iron_and_steel_bars_rods_angles,iron_and_steel_scrap,iron_and_steel_wire_excluding_wire,iron_steel_castings_forgings_unwork,lead,lime_cement_fabr_bldg_mat_ex_g,machinery_and_appliances_non_electr,machines_for_special_industries,made_up_articles_wholly_or_chiefly,manuf_of_leather_or_of_artif_or_r,manufactured_articles_n_e_s,manufactures_of_metal_n_e_s,materials_of_rubber,medicinal_pharmaceutical_products,metal_containers_for_storage_and_tr,metalworking_machinery,mineral_manufactures_n_e_s,miscell_non_ferrous_base_metals,musical_instruments_sound_recorder,nails_screws_nuts_bolts_rivets,natural_abrasives_incl_industrial,nickel,non_ferrous_metal_scrap,office_and_stationery_supplies_n_e,office_machines,ores_concentrates_of_non_ferrous,organic_chemicals,other_crude_minerals,other_electrical_machinery_and_appa,other_fixed_vegetable_oils,other_inorganic_chemicals,paper_and_paperboard,pearls_and_precious_and_semi_precio,perambulators_toys_games_and_spor,photographic_and_cinematographic_su,pig_iron_spiegeleisen_sponge_iron,pigments_paints_varnishes_relat,plastic_materials_regenerd_cellul,power_generating_machinery_other_t,printed_matter,pulp_waste_paper,road_motor_vehicles,road_vehicles_other_than_motor_vehi,sanitary_plumbing_heating_light,scientific_medical_optical_meas,ships_and_boats,silk,soaps_cleansing_polishing_prepar,special_textile_fabrics_and_related,special_transactions_not_classd_acc,sulphur_unroasted_iron_pyrites,synth_organic_dyestuffs_natural_i,synthetic_and_regenerated_artificia,telecommunications_apparatus,text_fabrics_woven_ex_narrow_spec,textile_and_leather_machinery,textile_yarn_and_thread,tin,tools_for_use_in_the_hand_or_in_mac,travel_goods_handbags_and_similar,tubes_pipes_and_fittings_of_iron_o,tulle_lace_embroidery_ribbons_t,universals_plates_and_sheets_of_ir,waste_materials_from_textile_fabric,watches_and_clocks,wire_products_ex_electric_fenc,wood_manufactures_n_e_s,wool_and_other_animal_hair,zinc,x108,x109,x110,x111
NA,NA,NA,NA,NA,NA,NA,NA,NA,NA,NA,NA,NA,NA,NA,NA,NA,NA,NA,NA,NA,NA,NA,NA,NA,NA,NA,NA,NA,NA,NA,NA,NA,NA,NA,NA,NA,NA,NA,NA,NA,NA,NA,NA,NA,NA,NA,NA,NA,NA,NA,NA,NA,NA,NA,NA,NA,NA,NA,NA,NA,NA,NA,NA,NA,NA,NA,NA,NA,NA,NA,NA,NA,NA,NA,NA,NA,NA,NA,NA,NA,NA,NA,NA,NA,NA,NA,NA,NA,NA,NA,NA,NA,NA,NA,NA,NA,NA,NA,NA,NA,NA,NA,NA,NA,NA,NA,NA,NA,NA,NA
1980-09-20,1217.986,544.186,20.057,4579.165,1084.025,64.778,216.225,247.421,2384.644,5402.198,1385.283,397.978,31.494,7873.713,19.447,34.415,1030.8505,3704.705,61.279,4.8505,12.764,158.957,29.233,359.224,8969.509,5382.773,93.798,10.011,1959.124,157.201,4454.057,39.902,1806.97,467.464,6452.077,3482.507,5743.83,72051.88,661.078,3153.96,1441.109,60.376,3021.959,76379.128,8121.552,48.467,2.115,2895.571,2198.44,821.186,5605.215,466.333,19017.128,1208.37,2111.541,2208.978,501.209,7.2535,407.088,592.76,70.882,1784.134,388.627,33339.86,640.03,21946.696,4935.17,3790.036,7108.099,3276.889,288.549,6894.295,2763.407,474.247,26791.556,4948.564,1530.331,2.503,7158.72,74.503,19.518,9614.446,1591.325,244.956,535.703,441.064,69.951,126.33,948.374,54800.824,11861.953,107.795,7491.83,25389.604,164.427,1103.28,1.826,43203.7,109.507,118168.504,1406.723,7128.543,175.379,7.136,208.059,321.062,69.71885087,19.66623501,0.0375,0.1379
1981-09-20,319.369,2691.639,1.032,774.603,449.807,3522.409,157.91,224.854,3553.473,3508.67,728.918,1499.263,249.444,7931.654,11.268,40.079,1313.446666666667,9467.435,45.478,5.005,248.184,446.583,124.517,769.801,12624.498,9763.178,17.605,12.321,47.352,235.251,12215.529,56.885,2020.263,1470.886,5786.039,4233.776,5577.555,77190.048,528.018,2507.4,2102.734,12.667,773.431,97026.2,18831.412,1.843,3.614,2433.528,4230.564,1375.967,4834.509,343.125,12985.275,1249.064,1752.843,2766.495,730.565,11.02,136.924,180.915,60.23,1860.767,827.392,36692.104,489.924,19003.594,477.38,3693.185,8563.306,4441.336,273.043,8693.866,488.171,422.862,24513.644,16651.686,1511.266,2049.737,6786.044,287.852,10.484,10861.001,30401.846,18.86,1719.905,989.481,225.53,82.381,803.651,78266.288,34869.236,97.625,11617.103,27508.226,4.837,1234.311,1.2173333335,54064.752,91.648,112932.88,1146.245,6817.971,115.901,72.93,318.285,495.885,70.41411192,21.44270153,0.0391,0.4439
1982-09-20,674.0926667,3108.598667,7.331666667,1537.833667,883.059,4686.368667,239.2676667,305.8736667,4631.362667,3998.226667,1365.925,2022.656,265.5993333,9142.538333,15.34433333,46.80966667,1596.042833333333,11932.569,63.15633333,3.542666667,104.4666667,423.4696667,-8.097,1146.142667,14918.053,13412.49233,22.86266667,19.765,-64671.33733,313.668,17772.05767,76.724,2411.590667,1590.86,6924.544333,4506.700333,5300.64,103164.2027,313.5013333,3081.959333,2120.503667,30.204,378.7923333,114107.3627,21591.998,18.613,5.523666667,2516.772333,4658.563333,1999.173333,2263.186333,-287.347,17942.11067,1268.924,1264.639,3867.449333,1141.156333,12.36866667,-616.3266667,221.6873333,94.348,2587.363333,1112.687,36377.49733,150.9006667,6666.864,-2032.674,1816.361333,10329.98967,4767.897,391.069,10989.20033,1507.139,177.8143333,21794.89333,18692.522,1695.059667,2732.338333,6231.684667,398.6636667,16.49,13130.772,40967.607,69.59933333,2147.829667,1185.72,-3872.561667,38.432,286.7233333,76936.57867,35553.78967,132.3516667,14736.572,31449.82133,-1715.154333,1536.035333,0.608666667,61375.35867,118.8496667,97032.76533,1461.149667,9794.029667,212.9943333,99.61866667,320.5876667,723.8746667,70.63439265,21.87593696,0.0412,0.2116
1983-09-20,545.435,242.447,5.219777778000001,2206.99,68.26,1.37,832.121,273.679,4799.921,7697.696,16201.63,61.376,1092.168,10821.313,689.677,39.991,1878.639,14526.507,35.478,21.583,300.651,334.834,51.715,644.7,67950.84,10843.953,50.622,43.05,-40909.79155333334,724.5853333333333,9748.78,271.798,2129.017,822.298,7113.963,12826.903,11754.424,67909.08,1219.95,4530.212,5022.777,157.48,10343.727,233730.896,44144.436,14.947,14.028,5577.407,12015.174,1255.292,10680.248,4735.629,23405.312,3328.31,2096.494,8089.915,2351.001,19.887,743.376,61.671,150.059,5726.854,116.564,48502.512,876.764,38164.732,4027.599,5333.643,10106.118,4800.168,310.455,13433.42,1422.137,1522.269,34066.504,63385.556,2785.326,73.345,13955.692,3347.096,12.263,23351.936,50933.788,413.909,1479.798,3162.928,166.428,2.223,620.211,55292.688,53279.244,1677.687,23550.64,34958.528,85.63,6328.327,0.512,82480.632,212.159,141827.376,2320.282,9488.062,100.628,449.837,33.237,687.44,72.91980522,22.99907938,0.0435,0.1993
1984-09-20,385.694,60.063,3.107888889000001,2231.618,50.438,1.326,991.036,219.636,3617.776,5506.988,833.553,24.949,356.383,9873.31,393.043,24.498,774.712,17163.136,130.704,3.777,144.463,2043.1,37.476,4194.587,42208.348,5751.506,72.001,1.295,-17148.24577666667,1135.502666666667,607.669,50.074,1428.097,854.519,4514.517,11339.528,11061.271,33560.272,1812.154,3695.099,5082.928,37.45,777.77,166530.64,29517.12,23.786,29.275,3346.572,6931.534,710.961,5912.481,1485.945,28521.788,2930.027,1171.794,11329.509,2192.604,32.16,324.838,210.941,291.372,5302.941,24.664,33416.22,810.439,41075.3,3979.14,4512.361,9385.78,4361.308,221.754,16255.697,828.558,1815.536,17270.076,26715.176,1743.06,3915.158,54336.368,7600.804,26.971,22195.332,36891.616,287.147,1022.589,1544.146,109.474,7.704,440.412,29177.416,35593.712,718.977,19232.288,31820.592,126.6775,3544.578,0.6215454545454546,53707.18,236.485,115654.32,1214.873,5502.253,748.979,554.139,151.287,224.284,79.70032142,25.13582922,0.0486,0.5898
1985-09-20,350.978,263.596,0.996,3203.095,13.1,3.83975,1222.127,283.214,5400.655,6600.558,4634.166,11.953,1641.719,7601.786,192.801,20.211,1819.26,20172.222,94.094,45.119,53.955,666.157,99.357,11188.371,58470.284,5631.416,122.653,1.228,6613.3,1546.42,4751.795,213.446,2021.621,1601.303,8456.415,29565.846,12218.452,35886.964,2067.157,3768.173,3558.299,4.119,191.104,191521.584,41231.3,54.291,28.437,5262.608,17235.172,967.098,6258.445,1707.939,20262.856,2664.268,980.773,12647.903,1231.014,41.977,884.189,485.068,529.094,18581.61,56.716,39240.32,3365.836,67177.456,1.802,2642.911,9779.629,2258.713,384.738,20575.996,4904.914,3068.884,28897.18,32918.67,2177.76,1363.706,177049.616,26935.732,28.127,28887.124,3470.151,465.124,2179.514,2316.696,940.229,22.621,410.424,28806.588,45827.26,822.195,24472.192,48903.636,167.725,5824.864,0.7310909090909091,129511.568,141.557,125693.856,1302.08,7405.399,1092.329,140.541,215.318,744.936,82.61215732,27.41317622,0.0562,0.3263
1986-09-20,110.712,415.689,15.188,2823.291,15.562,6.3535,1592.829,420.015,9424.924,15181.896,10706.128,57.892,7623.587,7186.286,61.585,8.472,695.923,21404.636,229.352,188.861,251.601,1338.742,209.419,11138.507,61733.208,8362.448,983.96,273.93,3953.711,935.091,7913.243,123.199,10498.787,3336.594,10235.873,31303.054,12201.776,38981.896,1167.476,2976.867,3969.447,50.101,944.065,396875.68,63357.664,22.603,69.954,3124.768,11131.265,2375.979,8562.38,2234.995,13961.323,3220.453,4832.168,12067.223,1662.018,291.553,993.339,578.648,792.825,25980.948,31.172,37009.232,3463.252,85181.504,6976.11,2907.166,10745.277,3260.923,423.205,32285.424,1897.045,2433.89,42699.98,42258.664,2142.808,1064.375,160506.752,65087.42,97.175,51815.996,111047.8,174.043,1722.512,1805.899,356.792,21.249,327.327,17041.68,65821.264,789.876,54054.124,34155.092,100.661,6239.132,0.8406363636363636,150115.712,191.894,134444.992,1385.229,16259.66,888.478,105.676,192.18,366.558,82.47448186,29.24747868,0.0581,0.2939
1987-09-20,848.085,541.398,25.793,2953.995,720.996,8.86725,3482.578,303.275,8607.019,8346.372,993.532,22.565,3591.321,7603.544,330.027,2.981,54.566,14892.918,50.514,71.206,232.889,270.069,285.559,6655.449,51373.424,5167.647,1.934,23.467,6467.407999999999,323.762,1325.5,86.733,19486.372,2010.541,10235.873,15808.997,11083.051,23346.448,839.464,3800.696,608.135,32.683,30.496,206633.648,14380.516,20.506,23.587,4383.387,5530.666,1840.374,5059.327,409.577,34619.22,2194.693,1915.193,12330.756,1058.683,106.323,184.145,398.774,1853.688,25137.672,2145.268,44133.632,4097.55,94771.232,2.37,2024.029,7896.958,1755.061,264.153,37075.084,472.76,4391.024,29878.162,28472.2,1555.787,73.946,106403.088,37015.552,1795.246,51254.176,25687.926,348.829,1411.577,1003.627,217137.28,186.677,481.323,9456.15,66304.728,1264.049,31548.072,52236.12,135.597,4643.577,0.9501818181818182,53592.368,119.074,149024.928,887.872,14248.579,60.446,75.78450000000001,113.24,125.602,85.31748002,32.52698915,0.0603,0.123
1988-09-20,872.182,120.726,13.5075,3671.144,1283.219,11.381,1294.635,863.323,8233.003,10010.603,125.586,25.244,5780.423,6644.149,457.036,6.818666666666667,155.025,20856.53,512.549,151.265,236.703,226.099,68.389,11888.045,74384.752,6617.425,13.298,8.566,8981.105,239.4265,2909.577,370.346,36151.952,931.95,10235.873,23251.336,12120.622,23466.996,2559.212,5610.927,415.7,405.638,18.322,131372.136,34473.044,29.887,82.209,3638.575,7731.925,1380.834,10067.979,1321.522,18554.536,2972.731,1310.731,15335.283,2370.427,171.44,462.85,626.246,1962.47,32125.832,2788.479,69340.288,7710.569,131906.784,1.568,3183.484,8041.366,1440.884,663.765,37508.5,407.404,4452.456,32168.892,37863.588,6136.039,479.558,125873.4,48506.728,737.504,71575.856,10841.905,1254.529,1908.43,1136.216,195719.648,108.953,1029.21,10131.721,86885.52,3040.58,24746.6,51884.348,4.376,6540.573,1.059727272727273,37232.136,95.864,177583.408,1147.271,8561.088,1064.754,45.893,99.89,76.694,93.22005119,34.91387114,0.0652,0.8006
1989-09-20,368.329,50.707,1.222,3067.373,8.428,13.89475,2086.291,1020.107,8313.151,13565.212,763.634,71.813,4184.748,6923.741,1534.111,10.65633333333333,98.489,23580.228,2362.281,193.587,109.152,581.498,38.203,21195.292,73533.592,6369.348,40.014,4.768,4432.094,155.091,894.399,64.015,20206.684,535.753,10235.873,15796.075,13047.536,33751.528,3795.003,5104.79,1093.93,12.378,127.083,110573.176,29166.228,2.328,88.625,2776.843,9283.16,1225.962,10860.05,1096.847,19270.438,3267.933,1942.708,20290.984,2263.221,78.392,743.672,1991.749,2103.949,38983.46,164.326,81162.704,9186.49,162684.272,3.05675,2414.31,7284.445,2135.154,313.206,36001.552,84.505,8433.883,40080.236,33947.944,1990.701,89.92,126776.032,32395.252,1674.983,82763.592,13.963,1571.069,2012.941,1595.783,150736.64,31.229,1039.723,13789.01,87887.144,1773.385,35864.512,46172.82,24.706,6661.703,1.169272727272727,49832.236,328.637,148609.584,365.913,11296.293,401.721,15.195,86.53999999999999,669.704,98.61473008,36.82991614,0.0728,0.6005
1990-09-20,445.673,198.483,1.3934,4389.663,3.225,16.4085,2236.584,812.054,13119.887,14891.444,1178.754,9.659,5197.148,9552.041,431.236,14.494,1582.866,24550.408,2862.197,224.644,31.647,633.757,8.017,18895.936,62081.288,6871.743,6.209,6.223,3727.131,78.333,250.251,294.205,13849.132,700.865,10235.873,21373.74,13466.472,24915.038,6036.891,6051.375,95.148,8.832,70.943,120248.872,47340.876,13.233,76.618,4155.057,11312.547,1499.664,15947.242,521.737,20740.574,4023.696,2368.853,21338.984,1861.153,229.007,439.666,2450.479,1771.83,43992.024,254.626,89277.92,8466.698,120680.928,4.545500000000001,3325.155,7869.158,1395.392,199.315,42007.704,282.971,5979.958,40499.076,28001.476,3177.144,397.948,200389.136,27951.196,2232.337,83035.208,24374.12,1162.135,2901.46,1437.7,168433.248,398.212875,1009.324,11581.267,30726.92,5576.714,61132.384,45061.988,28.666,6513.112,1.278818181818182,47669.012,159.667,111057.2,78.727,7068.822,363.52,18.049,73.19,61.622,102.7727826,40.89415494,0.1279,0.454
1991-09-20,317.455,545.918,1.5648,3518.513,260.276,18.92225,1554.874,504.469,10197.977,11461.663,2061.225,8.854,1841.412,4671.118,1701.012,20.176,474.009,23855.668,862.697,95.738,26.534,266.424,1.026,13177.767,45711.664,4376.318,227.451,5.581,4387.918,1.575,17.231,323.09,9467.183,394.689,10235.873,6920.871,13409.016,13510.573,5304.438,5001.13,184.11,3.088,58.482,91798.056,19601.878,31.036,56.634,1469.661,6880.178,1401.711,8158.586,410.142,16395.66,3579.296,2725.105,16284.748,1641.64,201.091,497.753,516.804,1484.62,11323.903,113.905,67832.544,5391.271,90901.672,6.03425,3123.57,13162.942,1036.033,137.299,31625.512,773.428,3720.602,31609.722,28514.286,2378.508,40.485,131890.696,21827.506,413.926,47342.8,4806.094,391.971,3280.466,1640.964,296018.464,765.1967500000001,623.223,6966.064,20231.236,4535.074,34197.44,18941.218,4.285,8476.457,1.388363636363636,35310.888,165.906,51144.464,188.441,3782.838,609.108,68.569,59.84,92.861,104.7065675,41.55463461,0.1512,3.0757
1992-09-20,1024.894,218.906,1.7362,4358.889,1433.799,21.436,2921.735,846.342,11414.782,15719.28,248.465,363.978,10057.862,4293.45,974.232,12.333,181.822,26048.247,2284.892,67.063,49.937,520.091,30.915,16346.443,51753.524,16638.832,112.639,8.592333333333332,3424.023,1.3965,1187.903,386.844,13481.306,327.634,10235.873,15391.914,15561.814,16520.988,13188.729,5263.686,457.353,0.7,117.981,115273.942,31933.712,105.944,158.99,1127.748,8129.9,1224.55,6822.528,675.789,24372.861,5714.155,3412.73,6119.937,3901.466,348.25,644.276,503.356,2658.946,25020.55,121.378,98264.511,4847.264,110067.047,7.523,3414.191,5876.805,1354.51,232.409,50073.752,154.166,3490.785,32743.71,39254.453,2653.9,955.945,151234.04,14318.046,448.673,70154.716,12221.343,185.467,4065.686,2308.611,208216.467,1132.180625,903.217,9496.251,28290.644,7374.654,87173.061,21250.659,13.282,10135.938,1.497909090909091,35010.035,250.593,58533.797,71.054,2649.853,787.162,116.049,46.49000000000001,1.168,98.68112613,42.74807561,0.1783,0.7906
1993-09-20,190.477,93.257,1.9076,3799.492,6.359,44.467,3508.678,787.873,13536.919,10459.388,402.59,22.658,8926.984,6910.316,470.027,4.997,10.4,37187.096,2918.963,223.584,29.539,607.857,5.771,11743.031,45871.512,9135.458,108.806,11.60366666666667,19.173,1.218,8.459,693.303,12571.94,534.631,10235.873,9087.696,14660.365,9904.92,8846.073,2890.548,17.459,124.31,87.675,102919.568,42531.288,8.694,28.913,1236.117,10426.074,2161.539,9663.805,551.842,8174.554,5344.149,1759.019,5557.726,1928.117,759.808,301.972,487.828,2486.25,26149.478,60.597,102668.592,2715.533,86097.6,7.590999999999999,6385.16,4592.74,1025.299,506.042,39777.844,151.092,3268.929,29238.1,85199.504,2206.311,33.388,136657.136,9901.204,244.359,64031.664,1715.826,1201.803,3107.165,1563.039,248244.256,1499.1645,1178.467,10540.45,36169.128,11773.238,80420.592,22014.95,3.412,6519.873,1.607454545454546,22115.996,405.471,41440.924,189.805,1664.659,523.624,8.728,33.14,8.577,95.24513065,43.56550095,0.2011,0.466
1994-09-20,1265.197,2510.246,2.079,4837.887,13.266,121.028,5454.157,1513.036,12270.931,15160.169,641.69,18.786,11578.379,11204.049,616.727,1.706,20.987,36763.828,2438.917,674.975,116.413,1270.596,94.734,18611.176,53053.144,7807.206,31.453,14.615,808.926,0.594,821.198,870.581,15520.514,594.457,10235.873,5773.439,16008.732,16435.695,9759.956,4437.613,81.291,18.542,53.069,156318.704,20979.458,21.446,64.763,1579.354,12340.526,2236.027,9180.861,877.64,15980.861,7814.199,681.73,9654.72,3756.119,600.412,370.813,896.117,2641.27,26396.976,445.193,124723.52,4401.203,98522.632,7.659,4043.918,5471.286,1374.003,1040.156,71273.696,553.715,5665.837,52157.684,90657.408,1992.922,27.742,196977.04,13185.462,279.56,64901.496,10341.746,402.182,4172.735,2822.078,432151.04,1866.148375,2140.198,21612.7,41134.452,9161.097,95205.92,17247.12,123.794,8984.304,1.717,26761.416,199.316,73747.248,627.024,2654.141,891.599,20.14,19.79,8.45,96.44025951,47.63627914,0.2453,0.0228
1995-09-20,1211.183,16119.991,5.199333333333334,4917.729,6.367,42.699,7290.402,1631.743,21431.028,15792.591,1947.698,77.084,17645.856,16130.285,690.096,2.9905,175.5105,41400.512,2080.553,101.801,48.572,1614.009,26.015,18170.3,67347.712,10122.894,260.588,15.25925,66.866,0.5625,3282.9,3188.026,15838.17,582.911,10235.873,18116.888,13702.534,16095.234,16462.404,6121.001,682.789,209.168,37.555,239105.36,43196.244,1.411,305.711,1241.881,22975.66,8484.859,9686.491,715.791,40611.104,8220.625,1335.847,21595.012,4689.82,442.754,715.117,1033.91,3609.472,31267.682,609.913,161717.712,3991.191,130586.184,133.776,2295.279,9477.832,2573.548,508.794,70760.368,411.013,5484.647,87706.192,65785.836,3123.841,70.316,237302.928,11537.696,302.713,115339.768,1681.647,225.127,5018.803,3538.667,369501.888,2233.13225,2186.906,30181.972,28063.548,2800.244,123632.432,10898.102,4.241,7782.881,26.089,37402.008,867.973,118493.616,578.917,3383.414,496.987,185.522,49.348,27.616,99.60237129,53.68849636,0.2884,1.7547
1996-09-20,2044.793,257.567,8.319666666666667,4017.027,174.586,78.262,4924.405,1098.964,21979.856,20156.162,353.308,58.296,12102.75,31091.277,1034.683,4.275,330.034,38557.886,837.927,94.541,11.194,1467.672,79.165,16395.337,55759.654,6759.72,75.904,15.9035,37.338,0.531,2748.212,145.489,12951.116,810.746,10235.873,12005.528,16116.693,25039.681,15177.263,5341.493,546.49,144.796,21.655,201630.205,46901.755,12.812,254.928,1526.553,13698.055,1102.244,8515.724,803.639,138674.636,7430.443,892.656,12938.517,3714.993,442.139,697.314,2861.467,2525.196,23122.879,77.034,141787.969,1934.579,87371.718,259.893,3693.122,7038.204,2017.115,324.36,67447.001,777.373,6922.644,84352.107,61555.451,3956.236,192.75,279198.762,11822.453,174.047,79371.252,1986.403,23.478,5712.785,2676.131,194822.276,2600.116125,1457.464,19592.514,14755.622,2746.943,105793.988,7537.709,493.151,21768.585,50.461,45871.145,153.297,107643.205,154.944,4018.659,733.635,133.972,143.016,352.319,101.9345325,58.31421081,0.3201,0.6586
1997-09-20,542.458,459.146,11.44,3609.953,189.503,65.243,4424.096,1620.642,22960.864,25986.024,696.923,82.457,11740.35,13669.846,1908.463,2.687,867.38,34107.008,1785.873,272.464,11.045,1174.909,48.126,23166.372,50047.368,8215.736,89.796,16.54775,3824.837,0.4995,3188.453,3396.026,7306.357,1136.31,10235.873,16351.659,17913.246,20630.12,8998.914,3881.661,429.009,214.791,53.065,231975.744,78944.016,43.137,71.473,1348.602,11696.963,2648.507,12100.383,518.56,54426.54,7418.562,2294.284,17814.08,4803.816,529.759,1386.548,2159.841,7211.913,29673.088,43.424,152484.704,879.32,89046.304,1002.116,4267.712,6306.862,2181.512,889.098,63659.432,221.465,8263.253,63467.512,60226.944,6546.233,15.933,212323.872,11066.233,319.12,89415.968,2912.615,3.471,7260.144,4328.706,217664.112,2967.1,2643.238,26448.464,41340.368,2119.561,99616.296,8784.757,12.109,11617.859,5.849,44205.12,245.769,99230.696,355.015,3596.763,483.525,2912.691,18.261,340.649,105.5365181,61.47480101,0.3562,1.3507
1998-09-20,1849.583,306.992,77.784,8276.204,87.177,52.224,5060.757,1814.954,28270.308,35414.148,3556.381,148.609,42309.28,11891.612,1245.082,11.298,148.328,32714.5,2529.319,144.986,8.651,1560.036,4.366,26656.998,42190.848,12446.706,235.508,17.192,619.049,0.468,1369.607,1004.441,10305.035,808.7,10235.873,16827.66,19575.408,19133.052,32375.972,4465.303,170.355,62.797,43.081,257783.504,52049.864,60.986,7.394,2209.74,14810.984,2899.606,12927.447,532.277,65549.348,7180.063,1999.829,18241.448,7975.605,311.934,634.102,887.234,5825.625,33517.144,134.23,124632.216,902.863,108636.184,1744.339,5254.203,8024.322,4804.274,1389.571,74422.744,762.423,9480.91,68284.112,79903.712,14310.727,61.743,118907.32,12845.725,261.079,100329.648,24893.956,34.622,5451.528,3779.297,469546.464,2923.048,3190.005,25086.7,43888.576,5587.3,84260.928,8417.908,129.48,23481.176,2.386,39420.236,282.808,104759.992,436.336,4005.636,1302.898,339.377,43.649,1527.076,98.62302959,63.54410021,0.3775,1.447
1999-09-20,2307.112,156.238,1.672,6343.914,328.799,39.205,4859.562,2495.41,22965.25,40901.338,391.907,196.544,29339.271,6141.308,1198.128,19.909,64.271,27243.157,2883.845,128.582,18.278,471.437,101.435,21479.438,48714.419,8526.828,63.006,11.48166666666667,65.053,0.4365,131.95,1644.515,11598.672,1074.352,10235.873,32236.412,16992.271,17108.356,13329.139,5396.052,458.12,242.274,13.634,272176.224,30722.512,96.761,18.499,2551.113,30909.621,8760.561,11536.581,326.794,97014.325,5575.405,2501.618,22737.7,7043.918,291.381,1585.384,112.951,6359.419,38393.533,176.866,120984.145,1802.818,122064.45,2486.562,3755.569,6330.882,8880.019,737.84,75642.579,2805.803,11135.447,54600.145,113767.599,2939.98,70.236,202418.482,22545.243,487.452,113071.607,168948.21,54.33,3984.312,3445.183,334058.137,3694.571,2290.145,10101.229,31876.393,3884.601,53685.079,6478.544,115.779,54339.677,4.238,21401.923,148.473,80060.883,229.976,7845.263,768.354,85.128,14.519,1441.555,98.93600817,68.35484324,0.3952,0.4173
2000-09-20,2120.065,248.856,5.419,6299.115,149.329,26.186,13415.348,2050.938,27254.801,37624.522,348.369,448.05,24545.895,6329.744,1296.527,9.074,17.324,31090.157,2649.876,118.896,46.262,566.568,10.624,21648.032,51558.501,8140.293,251.984,5.771333333333333,7.741,0.405,120.275,2367.782,10123.6,1083.414,10235.873,16182.581,16513.343,11291.519,9003.439,3927.052,486.787,10.599,103.245,238925.805,28208.786,61.887,29.985,3269.892,38266.822,7306.241,11189.865,933.509,62471.244,6401.283,2710.141,18331.778,10667.255,235.216,996.492,260.669,8050.304,30536.154,70.944,119815.369,1327.67,120011.205,2491.763,3410.811,5988.95,12423.523,647.198,82559.342,2055.524,8566.244,46836.73,105032.449,7716.271,63.309,194229.016,11633.643,626.074,105148.249,160884.287,97.573,3339.815,2912.824,172226.504,2393.526,2246.706,12395.755,35032.929,3883.913,52785.611,8125.509,12.841,39367.191,8.178,18459.79,403.617,66184.949,359.424,6841.854,1484.004,568.362,52.041,852.959,104.3175011,73.44501718,0.4141,1.2874
2001-09-20,2222.911,379.631,0.11,5987.089,192.228,13.167,19705.281,2182.834,29129.818,44766.194,437.57,198.261,15191.105,5038.928,955.258,624.979,569.7774999999999,26701.961,2676.264,97.286,135.805,1119.182,79.038,29114.371,56299.724,8378.849,198.323,0.061,11.757,0.3735000000000001,5180.881,2456.006,13906.046,1075.009,10235.873,15316.87,20185.971,6852.911,13909.574,2427.785,367.743,429.081,7.978,186327.915,26089.808,137.584,31.549,4558.677,26748.979,5572.375,10570.285,388.58,40797.259,6957.05,2750.983,22762.505,9174.821,218.326,342.687,142.075,7004.947,20187.133,57.2315,112176.08,1142.365,104879.19,170.526,2649.705,21361.546,13516.806,738.639,70855.831,3293.872,10508.588,46840.952,84093.508,9878.957,44.509,51109.492,9702.123,1089.584,129541.524,1885.126,444.178,3078.699,2544.588,106905.255,2123.27,1683.533,9127.42,51940.632,3835.275,45670.188,26603.248,63.456,7011.813,15.957,28270.935,424.143,80719.268,512.89,3487.047,2085.363,10.15,73.598,320.91,97.71886923,76.67525773,0.4365,0.6192
2002-09-20,3697.777,10239.399,2.867,7584.668,314.09,0.148,10827.673,2095.48,35747.205,39777.472,813.474,208.789,53505.267,5941.998,5263.606,4.352,1122.231,22767.624,2548.163,158.805,235.431,1265.105,70.243,33659.377,55016.529,8152.583,125.547,6.656,2038.272,0.342,600.509,1008.907,5936.164,1155.322,10235.873,17178.95,12586.903,12571.167,15624.016,3360.407,154.247,45.677,54.674,211549.551,42972.197,57.417,7.135,5956.848,28074.41,2940.345,12510.851,613.384,33292.57,7309.53,2026.732,19840.565,10091.911,418.625,1356.267,158.204,6470.398,31800.378,43.519,125431.977,1777.802,116759.087,674.239,3456.144,4132.16,6877.138,980.393,98076.281,902.748,13567.719,59398.94,58558.056,6788.681,109.599,44222.667,10263.712,2594.689,121839.556,325993.844,303.838,2048.314,2217.289,66627.511,1095.722,2310.843,10291.069,30266.265,4557.658,73885.954,18654.219,8.826,11795.888,21.141,23065.589,448.292,72269.515,1926.31,4026.445,2436.326,42.594,10.9,298.87,96.61475034,76.92439863,0.4512,0.3425
2003-09-20,3691.284,9549.95,14.564,17458.399,348.71,15.0835,10729.814,2333.985,29098.536,50389.654,541.104,417.131,46212.402,9203.749,10659.569,13.574,67.26,26340.182,2594.766,95.095,8.406,2180.242,29.657,24356.085,68835.539,8754.055,216.263,72.752,81.115,0.3105000000000001,1188.112,1199.091,4278.501,868.939,10235.873,8118.451,14793.512,15652.166,6757.496,4657.378,375.498,83.882,103.583,315375.245,66606.358,35.427,10.989,6666.532,37321.309,4234.09,11626.638,1130.309,85801.626,9874.202,3602.65,27641.424,13162.374,102.481,1183.26,234.088,5676.704,47549.184,32.419,146485.577,1475.044,140118.225,11.68,3281.714,6727.258,6073.543,881.422,78480.306,638.084,16217.448,57806.64,68897.521,7722.506,147.727,74433.36,5125.638,15382.521,144199.342,77709.437,699.311,3538.196,2506.315,75949.96,5515.766,7849.505,9172.912,64223.448,3727.238,92816.457,11626.541,11.353,15875.291,29.207,30528.705,1126.642,102099.268,3598.643,5161.727,3279.789,97.706,70.349,368.001,99.8528674,78.1185567,0.4753,0.8963
2004-09-20,6591.752,6324.615,23.504,15847.94,388.713,30.019,11070.989,2311.661,32844.276,64421.329,3069.15,319.38,83089.548,9048.31,11752.086,25.28,425.074,26721.245,1458.59,112.789,200.532,3652.43,180.555,30631.506,87579.964,15734.154,397.638,1.939,134.65,0.279,1157.323,1106.219,2321.12,1581.57,10235.873,36139.631,17644.924,22445.457,1938.327,8403.528,794.288,17.512,165.481,381769.181,97620.372,170.487,59.217,6840.828,47650.819,7941.59,10694.466,647.366,104776.881,12047.114,3974.903,39331.207,19202.585,34.913,1308.247,228.709,5724.309,43836.877,169.021,159322.662,1830.991,154502.48,22.914,3094.648,8882.045,10094.904,1002.541,65252.008,872.049,20973.354,70011.145,124241.121,8565.875,167.302,151108.205,4711.72,791.985,193870.615,188042.782,5836.685,3365.326,1873.509,75902.879,6000.983,5832.298,9794.041,57350.54,3715.997,91274.569,14601.865,20.064,26629.556,23.293,35593.949,807.948,119283.252,3836.485,6642.898,4142.58,34.083,10.047,152.502,104.590509,83.65979381,0.4981,0.913
2005-09-20,7554.584,14045.086,88.774,15080.098,344.956,24.3525,13969.572,3736.959,44185.826,68155.961,1459.523,230.315,12306.223,8063.41,8664.427,4.77,258.276,29876.012,2258.23,167.16,93.974,3041.658,160.291,38007.006,116325.847,26752.547,827.766,1.503666666666667,174.012,25.998,1784.279,1725.016,865.756,2200.834,10235.873,22778.83,19532.712,39668.853,11438.497,10945.342,2763.014,109.436,96.709,441949.046,141430.511,31.114,35.068,7866.901,39982.437,6557.494,14620.589,977.411,172463.96,12826.957,3675.317,73163.109,15630.247,62.329,1502.38,342.466,8306.222,57026.104,1272.429,234341.427,3115.06,157766.241,43.507,6578.575,10996.192,14413.057,1983.231,81815.668,1762.961,24784.335,103734.507,86840.06,12453.776,433.629,183337.76,14050.434,2050.161,230678.117,157308.505,3212.28,3859.636,3469.12,96629.304,7339.341,11390.992,9578.945,96993.482,7063.17,222957.879,24461.499,25.86,35541.601,57.315,84663.768,1981.441,167744.82,1918.081,7084.796,3760.72,94.636,7.749,0.972,106.0842803,86.47766323,0.5122,0.8134
2006-09-20,10651.943,11999.746,99.119,14643.267,279.906,18.686,14285.466,3465.813,39665.165,70537.886,1283.077,472.873,46630.049,9813.033,8604.77,2.444,1202.123,24991.829,2552.312,197.54,197.967,3885.317,100.284,42514.002,135804.933,29908.801,416.874,1.068333333333333,65.579,194.958,4419.025,3623.645,2675.817,2443.54,10235.873,83808.063,30496.014,38843.082,11025.374,11736.309,3472.15,174.756,319.616,497052.925,166575.119,53.115,28.61,6951.266,48659.128,11397.656,16375.431,1844.524,247782.731,12470.107,2814.057,76042.54,14539.127,18.002,1905.302,679.176,10272.22,56227.084,349.266,209829.091,3000.966,174568.509,45.037,9200.351,11921.043,8432.198,2377.983,83309.344,1317.482,25113.693,109457.106,143202.948,12752.465,373.702,163169.308,13878.045,1560.946,231878.803,628782.006,95.492,4074.087,3772.064,171400.804,5985.973,9059.484,10839.445,134115.046,6631.114,281638.499,26986.586,106.53,41857.742,22.782,66040.664,2246.102,215030.452,2456.18,8669.132,4423.378,68.061,11.675,4657.802,110.6893386,91.70103093,0.5246,0.8319
2007-09-20,19032.952,13376.242,50.462,12588.163,94.368,308.473,17476.299,7100.96,44526.953,78524.762,6663.149,487.509,70579.983,12718.577,4776.218,0.118,1099.894,29944.293,3115.432,154.677,0.118,3179.155,50.708,47004.233,162266.429,31262.963,344.116,0.633,20.13,4868.128,12086.157,4097.792,5594.439,1534.017,10235.873,76032.856,37080.374,55550.356,23492.3,11504.03,3166.834,745.44,2281.248,710949.195,302383.64,45.154,26.177,8406.283,54730.878,13920.08,18245.533,2457.682,385905.759,13689.857,6029.353,69098.369,21500.643,100.06,3630.099,1026.141,11384.62,48116.189,411.135,228382.301,3655.258,196986.632,47.182,15939.96,15037.474,12175.457,2490.503,86366.912,1232.393,25339.37,140892.486,217315.228,19556.171,348.894,277588.022,21573.557,2251.431,262023.762,299193.572,64.21566666666666,3177.934,4077.896,121676.053,5922.652,8972.452,7958.734,258787.73,8097.494,278638.924,34217.02,217.568,68869.546,171.954,197663.585,2029.395,327704.92,2894,8011.711,4456.926,67.393,50.905,3262.873,113.774109,98.9604811,0.5471,1.6568
2008-09-20,15461.142,5791.741,160.015,11071.599,319.926,0.428,20840.536,6474.649,63048.769,111312.451,10290.349,210.38,8390.301,13516.481,2779.644,2.527,1250.672,43463.926,3324.032,210.938,1.543,3957.146,136.69,60361.477,212281.252,28957.034,171.59,0.716,98.587,433.444,4675.317,3949.442,8694.581,1866.286,10235.873,147092.048,53267.007,84727.514,15575.988,14632.62,5173.641,1343.909,583.624,1029882.536,485907.561,102.107,21.989,9379.474,69199.584,9954.879,24088.042,2835.106,774536.702,18614.248,5660.547,33403.383,31076.146,24.174,5970.371,397.966,15227.447,46466.786,1111.794,281915.927,4235.409,239422.453,26.394,18577.43,31534.241,25375.522,3110.899,80517.432,2564.657,32295.18,162582.997,249965.396,19437.834,212.199,545594.14,22058.291,3840.173,330983.653,29215.237,32.93933333333333,3324.007,4883.991,473182.209,33435.858,6564.131,10701.402,168206.197,10452.126,213947.732,37957.605,279.979,81172.707,276.577,118365.962,2278.551,482411.636,1647.004,7900.8,3930.394,108.614,2.843,3197.923,110.132489,102.9810997,0.5633,3.6608
2009-09-20,16272.55,3018.636,35.585,12476.34,74.81,18.634,23652.592,4607.54,66108.911,128288.218,6452.22,276.381,103936.63,14124.815,1442.445,12.609,1106.145,55443.067,2288.419,128.588,21.093,3691.824,42.632,37535.723,244783.497,43727.846,304.101,0.327,43.87,7569.338,7733.646,1424.013,7236.793,3469.521,10235.873,61407.611,36303.796,51298.582,7241.368,16943.373,10222.836,1568.391,18154.974,729429.594,285623.319,24.021,5.272,9074.569,44981.954,17909.325,22055.769,1478.999,296418.087,14757.393,25689.961,93461.307,33572.021,15.713,5846.05,2037.874,10339.483,109669.254,238.457,266712.202,5512.828,471272.577,20.533,14721.579,24280.903,27349.689,2183.607,73910.99,13581.516,45009.467,174555.407,193589.423,14082.751,492.41,568945.286,27021.713,7381.14,258525.999,241136.232,1.663,2715.105,4200.222,176222.274,3255.471,8610.638,9337.352,314241.545,7409.486,119523.822,49343.567,132.596,53042.169,164.056,91874.491,1506.542,534139.999,593.911,6852.086,3620.899,1284.29,8.635,5725.526,86.97608533,91.40893471,0.5869,1.5476
2010-09-20,16685.352,9277.548,209.435,14613.776,160.72,126.536,34085.956,9750.281,122765.444,149738.255,10950.712,1005.078,14082.416,18821.44,2320.383,59.063,4341.831,88033.905,2221.54,147.348,16.495,4452.473,33.536,63345.96,291863.812,46973.292,560.595,4.091,55.397,8830.759,3982.67,3889.101,19159.743,2064.566,10235.873,142749.713,48836.143,101308.858,5935.797,23571.686,14915.982,1238.426,457.911,1119178.663,338932.258,408.916,242.063,10901.728,104994.601,17840.439,26543.556,3318.882,406301.586,25483.805,16351.951,107492.722,64343.018,7.252,5502.222,1569.651,20767.327,129902.529,519.474,412103.545,11913.682,446150.324,29.416,15642.459,28771.032,35071.518,4336.992,60110.203,43278.705,48784.733,215207.679,263383.992,21130.978,1042.852,480817.875,30572.149,3872.438,347960.944,148684.166,699.649,4239.179,6601.322,246417.652,5801.09,6864.905,12610.934,175198.618,8979.568,267149.88,56553.66,7.302,101948.793,387.4,133142.178,685.48,671378.557,600.122,6431.366,4739.357,494.625,189.215,4564.995,100,100,0.5982,0.804
2011-09-20,27303.575,15310.084,2215.888,19823.095,967.012,218.322,54289.777,20281.836,142652.422,177725.067,14144.298,3826.091,158358.178,32814.724,3117.781,467.434,1386.661,120550.331,3112.501,440.632,7.927,5326.479,578.033,64789.27,444355.865,64934.119,1729.389,98.567,2126.668,0.43,5981.369,7853.699,17590.018,5362.902,10235.873,308393.718,97252.894,125179.558,14160.145,24045.043,20316.974,2384.947,851.47,1372902.953,438183.683,683.623,576.938,16534.507,121809.496,20178.252,39597.749,4901.727,514123.929,37358.702,12141.659,108143.146,102773.187,51.348,31740.517,5546.495,21768.021,155764.107,2465.206,387585.446,8353.933,563889.902,8490.697,15401.357,29742.455,89853.764,16455.245,46956.474,27209.207,57793.364,241996.983,583132.324,40110.097,2895.032,519393.376,32686.402,4685.383,421562.223,228455.589,975.096,7247.347,7759.205,502397.905,1020.801,5692.345,13430.179,208176.67,10048.136,299319.502,57805.773,1355.817,97231.219,1557.106,175245.034,1084.675,706336.834,810.641,5408.467,5728.007,643.586,1064.68,4204.001,97.07524373,104.6563574,0.61240000000000006,2.9671
2012-09-20,24773.23,28719.148,426.875,38590.566,422.005,560.616,72274.645,21250.167,158750.658,204087.418,16758.58,2818.545,275135.865,33174.558,2230.668,77.878,1035.672,138170.055,3365.766,753.842,2.365,9047.69,514.696,53513.317,479813.148,73697.404,805.581,273.532,182.921,740.363,15712.94,12761.584,10961.783,3212.296,10235.873,305234.737,96701.148,132285.36,10958.219,27240.501,27688.269,2901.857,754.571,1506573.798,307047.913,299.842,421.544,21873.958,137489.744,33669.192,33238.399,5286.286,793918.684,42448.438,2811.746,128675.665,147506.766,115.341,38214.298,5169.214,23505.11,161482.463,6432.16,379392.837,6205.408,531693.746,8722.417,11319.529,28782.64,36731.909,5686.594,69001.27,70161.904,52131.459,298231.524,580134.679,40068.634,3547.46,544917.91,27749.869,5809.483,482865.463,627372.021,1128.046,5932.596,11712.211,596051.04,0.052,6596.826,16753.951,181773.426,11441.432,243381.229,72162.27,800.585,134802.756,1788.984,105430.392,1381.574,835751.089,1568.864,7470.373,9506.389,1683.443,743.331,2328.917,97.70852429,102.9123711,0.6278,2.1381
2013-09-20,26174.824,32604.645,179.154,13576.092,951.292,828.597,63646.669,23877.123,146605.268,179258.278,13335.372,616.853,151017.049,50080.417,1788.6,28.305,2873.024,125453.651,1132.377,323.852,1.731,5114.163,20.494,60353.207,459532.29,56547.611,139.44,54.611,148.079,493.74,6003.752,10066.108,21246.309,1795.867,10235.873,382117.99,84048.666,158994.15,8522.276,30931.064,26775.811,984.352,218.871,1265800.065,224785.794,224.278,15.795,13946.213,138957.138,29030.608,17070.868,5530.998,465722.824,40806.229,3678.976,109871.245,150120.174,14.673,21713.748,3288.363,23758.9,142442.359,2701.821,393332.344,5351.927,517523.07,50.58,13101.148,19969.387,28848.539,4011.882,45814.867,92383.662,46436.498,292977.589,429518.485,37514.099,315.449,508786.632,19060.476,1156.351,449034.656,746282.579,1020.1385,5420.626,16968.523,176761.892,1336.533,4149.646,19094.867,62218.157,6724.393,351017.972,78708.611,25.784,151962.949,26.625,108654.102,577.669,865679.437,4061.603,4219.709,3946.487,1453.555,0.358,1146.481,96.85859512,102.3969072,0.6452,3.8055
2014-09-20,20724.473,12449.644,123.529,13121.485,359.153,783.728,57892.251,13431.404,128465.468,187181.123,11918.94,537.375,111072.385,111196.699,1002.667,89.469,2561.046,103546.666,1151.703,314.459,1.956166666666667,4817.624,37.37,57792.606,343040.212,54341.893,170.693,41.20925,127.561,247.117,6863.436,14999.091,14429.3,1511.078,10235.873,309176.495,74453.594,133803.196,4684.969,34105.474,17209.816,523.545,57.67,1090551.412,221791.372,167.2,3.292,12932.278,137778.646,30199.184,21248.069,4425.01,479629.066,48002.481,6527.782,112173.612,133858.188,10.997,40133.245,2897.751,23597.959,137508.816,45.501,425368.31,8414.782,437347.407,62.066,10401.789,24408.091,31185.334,5942.003,43151.337,87973.48,53474.734,344856.116,372498.291,28961.422,686.511,526143.009,14248.304,1130.416,417104.548,861115.445,912.231,6080.556,19292.173,284623.551,4851.751,4341.881,26847.187,57181.959,5549.29,254098.594,84532.779,22.4985,116992.287,117.478,96193.72,424.281,731155.717,4583.841,5315.061,2955.85,704.68,0.3265,110.89,98.53667757,103.7886598,0.6631,1.0426
2015-09-20,17842.301,4315.498,244.863,12674.156,2228.937,1174.271,55536.265,4096.997,118156.471,199442.16,10881.775,431.739,26573.242,100382.609,1717.73,52.648,1952.667,97225.885,1733.007,307.813,2.181333333333333,4725.659,71.347,61032.118,352379.553,48942.849,1375.845,27.8075,113.406,0.494,5119.762,15135,12335.123,1321.344,10235.873,559907.394,102287.404,98271.266,23663.794,30199.609,12223.526,571.513,65.417,926255.898,263310.095,180.227,2.419,13064.483,127359.871,17884.143,18897.203,4148.859,302649.044,45243.687,5927.137,102001.643,114634.531,24.242,58185.784,901.044,24806.918,166584.342,135.01,411894.448,3726.309,467915.351,56.226,9641.079,27678.73,26419.182,5033.115,45362.663,51176.804,48133.103,506919.827,336717.213,29673.115,771.448,496323.755,11778.311,1420.001,439855.855,337859.865,804.3235000000001,5954.832,20878.722,260722.45,11732.51,4632.05,25246.257,92445.138,4926.25,296318.034,72776.352,19.213,149622.017,122.446,92233.451,613.126,839463.59,679.446,4859.618,5302.969,585.781,0.295,29.348,97.28824908,103.1013746,0.6875,1.7518
2016-09-20,12816.647,10992.31,391.121,15609.481,1188.135,585.389,62933.591,5381.787,113475.931,200639.511,8698.828,468.538,59364.797,61834.075,1481.207,98.161,1759.39,105491.814,2375.737,228.804,2.4065,6946.562,307.657,57028.436,408230.113,60306.211,1900.34,14.40575,235.072,0.6145555555555555,12198.477,14951.931,18820.442,2049.94,10235.873,258767.017,120228.369,79449.858,17986.259,34366.696,14919.754,1656.955,2147.135,1196680.138,275828.04,294.851,30.635,12541.698,131296.256,16550.709,23123.236,5029.207,382814.984,53207.86,4703.873,102361.67,114287.741,33.29,35891.791,1529.603,26523.706,154631,53.337,362587.036,8416.999,541340.428,36.859,11527.959,34551.139,16464.586,5883.652,43495.381,42745.875,52425.804,579288.801,365139.142,32976.811,645.288,524615.892,13495.016,1994.784,522513.029,516369.208,696.416,6840.618,28011.478,203515.319,7420.251,4373.38,21236.373,113826.296,5809.058,402169.052,64959.77,9.994,131262.539,187.982,85579.575,711.772,541710.919,345.489,8276.194,5131.26,565.777,0.2635,1864.508,97.34499583,107.7147766,0.7042,0.579
2017-09-20,8573.44,5387.327,408.947,11728.78,1291.703,283.038,86.946,475.132,55031.432,228411.788,8657.537,1977.338,148735.636,174659.731,667.612,143.674,9132.292,125229.959,1427.752,235.29,2.631666666666667,4448.9,19.195,61419.722,474249.078,63350.854,6373.548,1.004,246.033,0.735111111111111,16597.338,19531.896,33242.019,2868.996,10235.873,481271.821,203119.808,116748.32,13770.226,34523.738,5974.503,387.655,6784.186,1167533.756,235115.127,42.771,16.168,12592.3,133176.243,23632.526,20516.196,1235.914,272520.341,64357.963,187.053,121331.649,118179.837,32.465,37368.611,3988.87,27939.009,225223.041,22.66,482597.796,7107.632,689988.318,11.759,16334.352,56097.534,21842.659,5322.187,40612.224,49877.408,60488.192,793161.835,389243.926,6465.713,1622.369,662060.912,22268.414,4823.623,374396.444,350266.471,588.5085,8631.445,26537.462,237658.696,9282.5,4822.279,22073.471,74396.877,5786.54,345118.159,70682.507,111.935,140148.79,131.754,51587.964,512.507,471628.434,310.888,18828.916,4997.325,363.739,0.232,1016.961,100.0931599,110.5670103,0.7128,0.8866
2018-09-20,18513.069,5156.162,543.084,15667.543,425.293,81.759,83.004,538.486,56908.652,245710.087,6495.168,1614.031,146694.879,450502.476,852.039,71.8495,1551.316,145026.48,11172.023,455.809,2.856833333333333,6056.05,24.886,84688.42,554026.367,97484.689,20880.168,0.842,305.145,0.8556666666666667,27920.67,22471.805,40069.291,3501.123,10235.873,464297.866,196276.285,139519.121,16716.495,39571.649,5363.391,2875.427,11131.636,1653560.613,263945.587,255.756,13.879,14387.64,137895.175,23644.266,24881.3,1037.928,540388.459,84907.451,425.935,104984.753,132670.414,32.566,40699.626,6577.348,29168.869,182786.875,942.944,845029.006,17358,733259.072,15.737,32957.259,119268.486,132131.307,15991.251,46352.821,66252.863,66255.417,879896.784,455602.829,12099.947,3769.442,582174.601,19448.321,10454.835,405709.616,246219.308,480.6010000000001,9291.656,32151.944,108482.546,11471.616,6082.464,24632.831,78609.9,7502.943,323358.294,75252.125,298.842,150638.153,95.692,58124.095,613.198,528652.511,736.612,11530.717,2961.958,453.418,0.2005,21766.61,101.1419208,112.0704467,0.7254,2.9711
2019-09-20,16792.447,849.232,692.208,17135.821,1860.267,45.572,82.624,877.034,59129.679,239405.258,8142.817,1088.218,98586.287,760001.399,1800.606,0.025,728.393,127243.122,10481.73,378.469,3.082,6374.394,9.313,86931.736,517149.092,79411.792,11614.87,0.6799999999999999,2010.286,0.9762222222222222,28977.38,18691.94,16509.202,3485.028,10235.873,376761.112,133718.631,105372.624,33211.319,27060.494,5872.807,5482.796,9462.015,1781879.858,222363.319,339.83,4.859,13001.368,139791.127,21509.688,28208.581,934.624,696788.877,74022.062,300.36,127982.723,102167.709,50.789,87092.449,13811.299,28064.443,121424.831,314.522,747126.229,10929.579,805111.153,0.802,111384.137,117718.767,171407.565,18900.132,44531.506,64155.986,59542.7,952269.128,345049.611,8012.05,7577.083,493156.02,20242.038,2481.756,346101.79,274911.079,372.6935000000001,8863.072,30685.545,173722.789,10152.115,6386.78,24954.493,93008.72,6638.966,219401.738,89433.154,8361.848,154175.672,71.984,52654.947,670.009,548186.884,2987.986,9240.691,2697.96,846.441,0.169,66215.192,98.48262406,117.4914089,0.7365,0.996
2020-09-20,18244.766,554.255,1585.497,8349.642,1694.362,26.365,165.079,635.394,55827.815,261372.107,5044.933,895.347,129300.124,859287.266,1381.922,35.55799999999999,8.642,119783.487,11708.248,406.4,3.082,6993.426,19.24,74204.18,364966.805,53563.387,10596.194,0.518,4054.982,1.096777777777778,31849.925,11644.696,19111.686,1869.358,10235.873,146384.869,130526.528,71617.469,38959.633,20307.663,2250.59,15700.043,114.451,1158897.94,219625.647,209.041,3.061,6941.233,100145.916,16595.208,19910.162,570.627,346286.35,56815.432,305.577,64038.222,72826.88,31.569,85296.731,20278.373,17815.81,80074.611,148.15,653989.212,8510.5,581198.357,0.059,616796.388,68749.863,126381.434,9745.674,39033.741,22139.409,43672.52,849891.349,224503.138,3012.474,4213.924,390900.513,14690.157,1551.886,295485.553,292922.836,264.7860000000001,10713.16,26878.675,129310.423,2543.849,4228.083,16689.609,54040.216,4655.944,122488.171,59284.864,73.016,105140.853,10.083,26200.77,590.075,346222.982,7167.487,4436.051,1723.901,613.177,0.1375,66823.015,88.65061291,119.742268,0.7492,1.2978
2021-09-20,26617.139,142.339,2172.047,11315.773,738.199,96.037,95.53,496.722,67471.481,406478.314,8053.127,1270.172,105797.633,1237967.317,1444.258,71.091,511.51,169929.406,11868.433,653.397,3.082,8088.208,16.747,106096.067,538942.956,69915.68,11512.515,0.356,9425.944,1.217333333333333,85281.268,19985.281,40205.614,2603.384,10235.873,196301.328,193602.933,126019.051,43553.087,36389.599,5092.765,6770.466,195.359,1465685.248,238994.954,217.146,0.13,13652.782,129835.695,21760.843,24080.431,893.674,334019.889,90242.428,319.874,76714.207,108931.698,72.927,96736.472,16952.804,28003.495,108579.046,152.659,754076.542,7567.89,774228.489,6.936,1419961.237,80374.991,148520.893,20005.156,50572.002,33362.152,65521.49,1224473.292,388415.245,6270.519,2822.713,799632.823,25789.818,1642.578,381643.61,239205.105,156.8785,14780.128,45643.022,87571.606,9981.846,5935.707,23872.421,38845.344,6514.675,236582.819,73119.6,2672.191,145981.236,74.995,34571.821,830.93,543164.029,5918.732,10293.917,4029.587,1075.48,0.106,83608.355,93.26744759,134.9914089,0.7615,0.826
2022-09-20,39407.726,1113.632,4946.423,14150.186,2107.855,42.605,69.259,556.146,104298.825,358156.333,8827.594,1308.053,171406.857,1076823.147,2282.062,0.016,2.97,3011.451,13092.628,1359.496,3.082,5436.585,31.92,97196.934,600098.143,89016.375,12485.64,0.194,4813.877,1.337888888888889,38754.832,18516.568,55512.39,3508.367,10235.873,331523.911,253193.093,140308.291,33268.289,34015.731,5466.327,1147.133,140.929,1463495.119,103597.258,300.739,1.493,13870.941,131422.648,209194.188,35540.366,545.113,338413.429,74046.554,385.201,76454.434,106718.827,99.122,87726.592,9931.477,31664.716,380029.175,159.06,828403.324,9156.913,782122.132,38.291,1795024.715,137917.898,109847.606,19319.401,52661.271,44575.287,72972.046,1281231.316,319638.463,5743.871,1671.575,797347.619,19689.761,2699.889,383603.562,219408.349,48.971,16959.151,44255.808,85425.154,16647.271,6485.497,30534.359,6538.597,6284.605,370155.874,68628.78,109.103,162283.711,8.138,36705.45,1030.91,675159.8,10310.122,12649.201,3794.597,1114.697,0.07450000000000001,106918.497,93.22312598,141.1426117,0.7831,2.6153
2023-09-20,7695.49,308.95,5875.77,11533.174,4452.464,159.267,75.749,696.993,110611.851,412900.781,14285.586,1570.874,131300.137,2127457.003,1368.6,172.857,21.22,978.346,2089.84,1319.054,3.082,7691.444,23.675,96328.938,819563.174,102107.76,11166.953,0.032,9726.571,1.458444444444444,53430.003,28710.639,62159.803,3577.983,10235.873,581682.864,220553.922,127489.206,70538.707,27540.329,5192.368,30130.776,375.239,1888146.244,106479.623,415.156,5.707,9497.053,139722.054,217726.019,47971.514,533.572,444383.494,88678.992,234.097,106935.874,140256.449,103.706,142825.51,20063.978,35328.666,866277.338,23.067,605407.157,6621.587,1348422.712,24.052,1519751.853,108765.633,32836.84,9686.165,57231.78,15468.822,84294.397,1195094.921,339409.625,6342.04,4652.943,1014862.365,16478.652,1157.868,538762.313,355046.143,89.586,14656.695,57402.557,19878.078,5571.887,7319.026,27580.661,7876.446,6119.007,515324.63,66342.269,84.1,155865.731,11.719,45203.14,906.125,647686.19,5568.307,14204.25,3017.953,68.424,0.043,146862.065,NA,149.2869416,0.7962,0.4887
NA,NA,NA,NA,NA,NA,NA,NA,NA,NA,NA,NA,NA,NA,NA,NA,NA,NA,NA,NA,NA,NA,NA,NA,NA,NA,NA,NA,NA,NA,NA,NA,NA,NA,NA,NA,NA,NA,NA,NA,NA,NA,NA,NA,NA,NA,NA,NA,NA,NA,NA,NA,NA,NA,NA,NA,NA,NA,NA,NA,NA,NA,NA,NA,NA,NA,NA,NA,NA,NA,NA,NA,NA,NA,NA,NA,NA,NA,NA,NA,NA,NA,NA,NA,NA,NA,NA,NA,NA,NA,NA,NA,NA,NA,NA,NA,NA,NA,NA,NA,NA,NA,NA,NA,NA,NA,NA,NA,NA,0.8123,0.9256
